,topic_a,topic_b
0,Parallel processing (DSP implementation),Graphical model
1,Parallel processing (DSP implementation),Database
2,Parallel processing (DSP implementation),Cloud computing
3,Parallel processing (DSP implementation),Operating system
4,Parallel processing (DSP implementation),Computer graphics
5,Parallel processing (DSP implementation),Computer network
6,Parallel processing (DSP implementation),Computer architecture
7,Parallel processing (DSP implementation),Compiler
8,Parallel processing (DSP implementation),Distributed computing
9,Parallel processing (DSP implementation),Algorithm
10,Software testing,Social network analysis
11,Social network analysis,Modeling language
12,Internet protocol suite,Social network analysis
13,Software architecture,Social network analysis
14,Social network analysis,Graphical model
15,Social network analysis,Database
16,Cloud computing,Social network analysis
17,Social network analysis,Operating system
18,Social network analysis,Information security
19,Social network analysis,Information retrieval
20,Wireless network,Social network analysis
21,Computational linguistics,Social network analysis
22,Social network analysis,Machine learning
23,Social network analysis,Parallel computing
24,Social network analysis,Theory of computation
25,Social network analysis,Computer graphics
26,Social network analysis,Computer network
27,Social network analysis,Analysis of algorithms
28,Knowledge management,Social network analysis
29,Social network analysis,Network service
30,Social network analysis,Data mining
31,Social network analysis,Software engineering
32,Social network analysis,Computer architecture
33,Social network analysis,Compiler
34,Social network analysis,Network security
35,Social network analysis,Computer security
36,Social network analysis,Computational geometry
37,Social network analysis,Discrete mathematics
38,Social network analysis,Distributed computing
39,Social network analysis,Data warehouse
40,Social network analysis,Natural language processing
41,Game theory,Social network analysis
42,Social network analysis,Programming language
43,Social network analysis,Cryptography
44,Social network analysis,Computer vision
45,Social network analysis,Algorithm
46,Social network analysis,Data structure
47,Information management,Social network analysis
48,Social network analysis,Software development
49,Social network analysis,Data integration
50,Social network analysis,Artificial intelligence
51,Social network analysis,Combinatorial optimization
52,Broadband networks,Social network analysis
53,Distributed object,Social network analysis
54,Object-oriented analysis and design,Software testing
55,Object-oriented analysis and design,Modeling language
56,Object-oriented analysis and design,Software architecture
57,Object-oriented analysis and design,Database
58,Object-oriented analysis and design,Cloud computing
59,Object-oriented analysis and design,Operating system
60,Object-oriented analysis and design,Information security
61,Object-oriented analysis and design,Information retrieval
62,Object-oriented analysis and design,Machine learning
63,Object-oriented analysis and design,Parallel computing
64,Object-oriented analysis and design,Theory of computation
65,Object-oriented analysis and design,Computer graphics
66,Object-oriented analysis and design,Computer network
67,Object-oriented analysis and design,Analysis of algorithms
68,Object-oriented analysis and design,Knowledge management
69,Object-oriented analysis and design,Network service
70,Object-oriented analysis and design,Data mining
71,Object-oriented analysis and design,Software engineering
72,Object-oriented analysis and design,Computer architecture
73,Object-oriented analysis and design,Compiler
74,Object-oriented analysis and design,Software metric
75,Object-oriented analysis and design,Network security
76,Object-oriented analysis and design,Object-oriented programming
77,Object-oriented analysis and design,Computer security
78,Object-oriented design,Object-oriented analysis and design
79,Object-oriented analysis and design,Computational geometry
80,Object-oriented analysis and design,Discrete mathematics
81,Object-oriented analysis and design,Distributed computing
82,Object-oriented analysis and design,Natural language processing
83,Object-oriented analysis and design,Programming language
84,Object-oriented analysis and design,Test automation
85,Object-oriented analysis and design,Cryptography
86,Object-oriented analysis and design,Computer-aided software engineering
87,Object-oriented analysis and design,Computer vision
88,Object-oriented analysis and design,Algorithm
89,Object-oriented analysis and design,Data structure
90,Object-oriented analysis and design,Software development
91,Object-oriented analysis and design,Artificial intelligence
92,Object-oriented analysis and design,Robotics
93,Object-oriented analysis and design,Software project management
94,Distributed object,Object-oriented analysis and design
97,Modeling language,Software testing
98,Software testing,Internet protocol suite
99,Software architecture,Software testing
100,Software testing,Graphical model
101,Software testing,Database
102,Software testing,Operating system
103,Software testing,Information security
104,Software testing,Information retrieval
105,Software testing,Wireless network
106,Software testing,Machine learning
107,Software testing,Parallel computing
108,Software testing,Theory of computation
109,Software testing,Computer graphics
110,Software testing,Computer network
111,Software testing,Analysis of algorithms
112,Software testing,Knowledge management
113,Data-intensive computing,Software testing
114,Software testing,Network service
115,Software testing,Data mining
116,Software testing,Software engineering
117,Software testing,Computer architecture
118,Software testing,Microarchitecture
119,Software testing,Compiler
120,Software metric,Software testing
121,Software testing,Network security
122,Object-oriented programming,Software testing
123,Software testing,Computer security
124,Object-oriented design,Software testing
125,Software testing,Computational geometry
126,Software testing,Discrete mathematics
127,Software testing,Distributed computing
128,Software testing,Data warehouse
129,Software testing,Natural language processing
130,Software testing,Game theory
131,Software testing,Programming language
132,Test automation,Software testing
133,Software testing,Cryptography
134,Computer-aided software engineering,Software testing
135,Software testing,Computer vision
136,Software testing,Algorithm
137,Software testing,Data structure
138,Software analytics,Software testing
139,Software testing,Information management
140,Software testing,Software development
141,Software testing,Data integration
142,Software testing,Artificial intelligence
143,Software testing,Robotics
144,Combinatorial optimization,Software testing
145,Assembly language,Software testing
146,Software project management,Software testing
147,Distributed object,Software testing
151,Internet protocol suite,Modeling language
152,Modeling language,Software architecture
153,Graphical model,Modeling language
154,Modeling language,Database
155,Cloud computing,Modeling language
156,Information security,Modeling language
157,Information retrieval,Modeling language
158,Wireless network,Modeling language
159,Computational linguistics,Modeling language
160,Machine learning,Modeling language
161,Modeling language,Parallel computing
162,Modeling language,Theory of computation
163,Modeling language,Computer graphics
164,Modeling language,Computer network
165,Analysis of algorithms,Modeling language
166,Data-intensive computing,Modeling language
167,Network service,Modeling language
168,Data mining,Modeling language
169,Modeling language,Software engineering
170,Modeling language,Computer architecture
171,Microarchitecture,Modeling language
172,Modeling language,Compiler
173,Software metric,Modeling language
174,Network security,Modeling language
175,Modeling language,Object-oriented programming
176,Computer security,Modeling language
177,Object-oriented design,Modeling language
178,Computational geometry,Modeling language
179,Discrete mathematics,Modeling language
180,Distributed computing,Modeling language
181,Data warehouse,Modeling language
182,Natural language processing,Modeling language
183,Game theory,Modeling language
184,Modeling language,Programming language
185,Test automation,Modeling language
186,Cryptography,Modeling language
187,Computer-aided software engineering,Modeling language
188,Modeling language,Computer vision
189,Modeling language,Algorithm
190,Modeling language,Data structure
191,Software analytics,Modeling language
192,Modeling language,Software development
193,Data integration,Modeling language
194,Robotics,Modeling language
195,Combinatorial optimization,Modeling language
196,Assembly language,Modeling language
197,Broadband networks,Modeling language
198,Software project management,Modeling language
199,Distributed object,Modeling language
203,Internet protocol suite,Database
204,Internet protocol suite,Operating system
205,Internet protocol suite,Information security
206,Internet protocol suite,Information retrieval
207,Internet protocol suite,Wireless network
208,Computational linguistics,Internet protocol suite
209,Internet protocol suite,Machine learning
210,Internet protocol suite,Parallel computing
211,Internet protocol suite,Theory of computation
212,Internet protocol suite,Computer graphics
213,Internet protocol suite,Computer network
214,Internet protocol suite,Analysis of algorithms
215,Internet protocol suite,Network service
216,Internet protocol suite,Data mining
217,Software engineering,Internet protocol suite
218,Internet protocol suite,Computer architecture
219,Internet protocol suite,Compiler
220,Internet protocol suite,Network security
221,Internet protocol suite,Computer security
222,Internet protocol suite,Computational geometry
223,Internet protocol suite,Discrete mathematics
224,Internet protocol suite,Distributed computing
225,Internet protocol suite,Natural language processing
226,Internet protocol suite,Programming language
227,Internet protocol suite,Cryptography
228,Internet protocol suite,Computer vision
229,Internet protocol suite,Algorithm
230,Internet protocol suite,Software development
231,Internet protocol suite,Artificial intelligence
232,Internet protocol suite,Combinatorial optimization
233,Distributed object,Internet protocol suite
238,Software architecture,Database
239,Cloud computing,Software architecture
240,Software architecture,Operating system
241,Software architecture,Information security
242,Software architecture,Information retrieval
243,Computational linguistics,Software architecture
244,Software architecture,Machine learning
245,Software architecture,Parallel computing
246,Software architecture,Theory of computation
247,Software architecture,Computer graphics
248,Software architecture,Computer network
249,Software architecture,Analysis of algorithms
250,Software architecture,Knowledge management
251,Data-intensive computing,Software architecture
252,Software architecture,Network service
253,Software architecture,Data mining
254,Software architecture,Software engineering
255,Software architecture,Computer architecture
256,Microarchitecture,Software architecture
257,Software architecture,Compiler
258,Software metric,Software architecture
259,Software architecture,Network security
260,Software architecture,Object-oriented programming
261,Software architecture,Computer security
262,Object-oriented design,Software architecture
263,Software architecture,Computational geometry
264,Software architecture,Discrete mathematics
265,Software architecture,Distributed computing
266,Software architecture,Data warehouse
267,Software architecture,Natural language processing
268,Software architecture,Programming language
269,Test automation,Software architecture
270,Software architecture,Cryptography
271,Computer-aided software engineering,Software architecture
272,Software architecture,Computer vision
273,Software architecture,Algorithm
274,Software architecture,Data structure
275,Software analytics,Software architecture
276,Software architecture,Information management
277,Software architecture,Software development
278,Software architecture,Artificial intelligence
279,Software architecture,Robotics
280,Combinatorial optimization,Software architecture
281,Assembly language,Software architecture
282,Software project management,Software architecture
283,Distributed object,Software architecture
288,Graphical model,Database
289,Systems programming,Graphical model
290,Cloud computing,Graphical model
291,Graphical model,Operating system
292,Mobile app development,Graphical model
293,Graphical model,Information security
294,Graphical model,Information retrieval
295,Graphical model,Computational linguistics
296,Graphical model,Machine learning
297,Graphical model,Parallel computing
298,Graphical model,Theory of computation
299,Graphical model,Computer graphics
300,Graphical model,Computer network
301,Graphical model,Analysis of algorithms
302,Data-intensive computing,Graphical model
303,Graphical model,Network service
304,Graphical model,Data mining
305,Graphical model,Software engineering
306,Graphical model,Computer architecture
307,Microarchitecture,Graphical model
308,Compiler,Graphical model
309,Graphical model,Network security
310,Object-oriented programming,Graphical model
311,Graphical model,Computer security
312,Graphical model,Computational geometry
313,Graphical model,Discrete mathematics
314,Graphical model,Distributed computing
315,Graphical model,Data warehouse
316,Graphical model,Natural language processing
317,Graphical model,Game theory
318,Graphical model,Programming language
319,Graphical model,Cryptography
320,Graphical model,Computer vision
321,Graphical model,Algorithm
322,Software analytics,Graphical model
323,Graphical model,Software development
324,Data integration,Graphical model
325,Graphical model,Artificial intelligence
326,Combinatorial optimization,Graphical model
335,Systems programming,Database
336,Cloud computing,Database
337,Operating system,Database
338,Mobile app development,Database
339,Information security,Database
340,Information retrieval,Database
341,Wireless network,Database
342,Computational linguistics,Database
343,Machine learning,Database
344,Database,Theory of computation
345,Database,Computer graphics
346,Database,Computer network
347,Analysis of algorithms,Database
348,Knowledge management,Database
349,Data-intensive computing,Database
350,Network service,Database
351,Data mining,Database
352,Software engineering,Database
353,Computer architecture,Database
354,Microarchitecture,Database
355,Compiler,Database
356,Software metric,Database
357,Network security,Database
358,Object-oriented programming,Database
359,Computer security,Database
360,Database,Object-oriented design
361,Computational geometry,Database
362,Database,Discrete mathematics
363,Distributed computing,Database
364,Data warehouse,Database
365,Natural language processing,Database
366,Game theory,Database
367,Database,Programming language
368,Test automation,Database
369,Cryptography,Database
370,Computer-aided software engineering,Database
371,Database,Computer vision
372,Database,Algorithm
373,Data structure,Database
374,Software analytics,Database
375,Information management,Database
376,Software development,Database
377,Data integration,Database
378,Artificial intelligence,Database
379,Robotics,Database
380,Combinatorial optimization,Database
381,Assembly language,Database
382,Broadband networks,Database
383,Software project management,Database
384,Distributed object,Database
387,Systems programming,Cloud computing
388,Systems programming,Operating system
389,Systems programming,Computer graphics
390,Systems programming,Computer network
391,Systems programming,Computer architecture
392,Systems programming,Compiler
393,Systems programming,Distributed computing
394,Systems programming,Algorithm
403,Cloud computing,Operating system
404,Mobile app development,Cloud computing
405,Cloud computing,Information security
406,Cloud computing,Information retrieval
407,Cloud computing,Wireless network
408,Computational linguistics,Cloud computing
409,Cloud computing,Machine learning
410,Cloud computing,Parallel computing
411,Cloud computing,Theory of computation
412,Cloud computing,Computer graphics
413,Cloud computing,Computer network
414,Cloud computing,Analysis of algorithms
415,Knowledge management,Cloud computing
416,Data-intensive computing,Cloud computing
417,Cloud computing,Network service
418,Cloud computing,Data mining
419,Cloud computing,Software engineering
420,Cloud computing,Computer architecture
421,Microarchitecture,Cloud computing
422,Compiler,Cloud computing
423,Cloud computing,Network security
424,Cloud computing,Object-oriented programming
425,Cloud computing,Computer security
426,Cloud computing,Object-oriented design
427,Cloud computing,Computational geometry
428,Cloud computing,Discrete mathematics
429,Cloud computing,Distributed computing
430,Data warehouse,Cloud computing
431,Cloud computing,Natural language processing
432,Cloud computing,Programming language
433,Test automation,Cloud computing
434,Cloud computing,Cryptography
435,Computer-aided software engineering,Cloud computing
436,Cloud computing,Computer vision
437,Cloud computing,Algorithm
438,Cloud computing,Data structure
439,Cloud computing,Software development
440,Data integration,Cloud computing
441,Cloud computing,Artificial intelligence
442,Cloud computing,Robotics
443,Cloud computing,Combinatorial optimization
444,Assembly language,Cloud computing
445,Cloud computing,Software project management
446,Distributed object,Cloud computing
447,Translator (computing),Operating system
448,Translator (computing),Information retrieval
449,Translator (computing),Computational linguistics
450,Translator (computing),Machine learning
451,Translator (computing),Parallel computing
452,Translator (computing),Computer architecture
453,Translator (computing),Compiler
454,Translator (computing),Object-oriented programming
455,Translator (computing),Programming language
456,Translator (computing),Data structure
457,Translator (computing),Artificial intelligence
458,Translator (computing),Assembly language
470,Mobile app development,Operating system
471,Information security,Operating system
472,Information retrieval,Operating system
473,Wireless network,Operating system
474,Computational linguistics,Operating system
475,Operating system,Theory of computation
476,Operating system,Computer graphics
477,Operating system,Computer network
478,Analysis of algorithms,Operating system
479,Knowledge management,Operating system
480,Data-intensive computing,Operating system
481,Network service,Operating system
482,Data mining,Operating system
483,Software engineering,Operating system
484,Microarchitecture,Operating system
485,Compiler,Operating system
486,Software metric,Operating system
487,Network security,Operating system
488,Object-oriented programming,Operating system
489,Operating system,Object-oriented design
490,Operating system,Discrete mathematics
491,Distributed computing,Operating system
492,Data warehouse,Operating system
493,Natural language processing,Operating system
494,Game theory,Operating system
495,Operating system,Programming language
496,Test automation,Operating system
497,Cryptography,Operating system
498,Computer-aided software engineering,Operating system
499,Operating system,Computer vision
500,Operating system,Algorithm
501,Data structure,Operating system
502,Software analytics,Operating system
503,Operating system,Information management
504,Operating system,Software development
505,Data integration,Operating system
506,Robotics,Operating system
507,Combinatorial optimization,Operating system
508,Assembly language,Operating system
509,Broadband networks,Operating system
510,Software project management,Operating system
511,Distributed object,Operating system
516,Mobile app development,Computer graphics
517,Mobile app development,Computer network
518,Mobile app development,Computer architecture
519,Mobile app development,Compiler
520,Mobile app development,Distributed computing
521,Mobile app development,Algorithm
532,Information retrieval,Information security
533,Wireless network,Information security
534,Computational linguistics,Information security
535,Information security,Machine learning
536,Information security,Parallel computing
537,Information security,Theory of computation
538,Information security,Computer graphics
539,Information security,Computer network
540,Knowledge management,Information security
541,Network service,Information security
542,Software engineering,Information security
543,Microarchitecture,Information security
544,Information security,Compiler
545,Software metric,Information security
546,Network security,Information security
547,Object-oriented programming,Information security
548,Information security,Computer security
549,Information security,Object-oriented design
550,Information security,Computational geometry
551,Data warehouse,Information security
552,Natural language processing,Information security
553,Game theory,Information security
554,Information security,Programming language
555,Test automation,Information security
556,Cryptography,Information security
557,Computer-aided software engineering,Information security
558,Information security,Computer vision
559,Information security,Algorithm
560,Information security,Data structure
561,Software analytics,Information security
562,Information security,Information management
563,Information security,Software development
564,Data integration,Information security
565,Information security,Artificial intelligence
566,Robotics,Information security
567,Combinatorial optimization,Information security
568,Assembly language,Information security
569,Broadband networks,Information security
570,Software project management,Information security
571,Distributed object,Information security
584,Wireless network,Information retrieval
585,Computational linguistics,Information retrieval
586,Information retrieval,Machine learning
587,Information retrieval,Parallel computing
588,Information retrieval,Theory of computation
589,Information retrieval,Computer graphics
590,Information retrieval,Computer network
591,Information retrieval,Analysis of algorithms
592,Knowledge management,Information retrieval
593,Information retrieval,Network service
594,Information retrieval,Data mining
595,Software engineering,Information retrieval
596,Information retrieval,Computer architecture
597,Microarchitecture,Information retrieval
598,Information retrieval,Compiler
599,Software metric,Information retrieval
600,Network security,Information retrieval
601,Object-oriented programming,Information retrieval
602,Information retrieval,Computer security
603,Information retrieval,Computational geometry
604,Information retrieval,Discrete mathematics
605,Information retrieval,Distributed computing
606,Information retrieval,Data warehouse
607,Natural language processing,Information retrieval
608,Game theory,Information retrieval
609,Information retrieval,Programming language
610,Test automation,Information retrieval
611,Information retrieval,Cryptography
612,Computer-aided software engineering,Information retrieval
613,Information retrieval,Computer vision
614,Information retrieval,Algorithm
615,Information retrieval,Data structure
616,Software analytics,Information retrieval
617,Information management,Information retrieval
618,Information retrieval,Software development
619,Data integration,Information retrieval
620,Information retrieval,Artificial intelligence
621,Robotics,Information retrieval
622,Combinatorial optimization,Information retrieval
623,Assembly language,Information retrieval
624,Broadband networks,Information retrieval
625,Software project management,Information retrieval
626,Distributed object,Information retrieval
636,Computational linguistics,Wireless network
637,Wireless network,Machine learning
638,Wireless network,Parallel computing
639,Wireless network,Theory of computation
640,Wireless network,Computer graphics
641,Wireless network,Computer network
642,Wireless network,Analysis of algorithms
643,Wireless network,Network service
644,Wireless network,Data mining
645,Software engineering,Wireless network
646,Wireless network,Computer architecture
647,Wireless network,Compiler
648,Wireless network,Network security
649,Wireless network,Computer security
650,Wireless network,Computational geometry
651,Wireless network,Discrete mathematics
652,Wireless network,Distributed computing
653,Wireless network,Natural language processing
654,Wireless network,Programming language
655,Wireless network,Cryptography
656,Wireless network,Computer vision
657,Wireless network,Algorithm
658,Wireless network,Software development
659,Wireless network,Artificial intelligence
660,Wireless network,Combinatorial optimization
661,Broadband networks,Wireless network
662,Distributed object,Wireless network
675,Computational linguistics,Machine learning
676,Computational linguistics,Parallel computing
677,Computational linguistics,Theory of computation
678,Computational linguistics,Computer graphics
679,Computational linguistics,Computer network
680,Computational linguistics,Analysis of algorithms
681,Computational linguistics,Knowledge management
682,Computational linguistics,Network service
683,Computational linguistics,Data mining
684,Computational linguistics,Software engineering
685,Computational linguistics,Computer architecture
686,Computational linguistics,Microarchitecture
687,Computational linguistics,Compiler
688,Computational linguistics,Network security
689,Computational linguistics,Object-oriented programming
690,Computational linguistics,Computer security
691,Computational linguistics,Object-oriented design
692,Computational linguistics,Computational geometry
693,Computational linguistics,Discrete mathematics
694,Computational linguistics,Distributed computing
695,Computational linguistics,Data warehouse
696,Computational linguistics,Game theory
697,Computational linguistics,Programming language
698,Computational linguistics,Cryptography
699,Computational linguistics,Computer-aided software engineering
700,Computational linguistics,Computer vision
701,Computational linguistics,Algorithm
702,Computational linguistics,Data structure
703,Software analytics,Computational linguistics
704,Information management,Computational linguistics
705,Computational linguistics,Software development
706,Computational linguistics,Data integration
707,Computational linguistics,Artificial intelligence
708,Computational linguistics,Robotics
709,Combinatorial optimization,Computational linguistics
710,Computational linguistics,Assembly language
711,Computational linguistics,Software project management
726,Machine learning,Theory of computation
727,Machine learning,Computer graphics
728,Machine learning,Computer network
729,Analysis of algorithms,Machine learning
730,Knowledge management,Machine learning
731,Data-intensive computing,Machine learning
732,Network service,Machine learning
733,Data mining,Machine learning
734,Software engineering,Machine learning
735,Computer architecture,Machine learning
736,Microarchitecture,Machine learning
737,Machine learning,Compiler
738,Software metric,Machine learning
739,Network security,Machine learning
740,Object-oriented programming,Machine learning
741,Machine learning,Object-oriented design
742,Machine learning,Computational geometry
743,Discrete mathematics,Machine learning
744,Distributed computing,Machine learning
745,Data warehouse,Machine learning
746,Natural language processing,Machine learning
747,Game theory,Machine learning
748,Machine learning,Programming language
749,Test automation,Machine learning
750,Cryptography,Machine learning
751,Computer-aided software engineering,Machine learning
752,Computer vision,Machine learning
753,Machine learning,Algorithm
754,Data structure,Machine learning
755,Software analytics,Machine learning
756,Machine learning,Information management
757,Machine learning,Software development
758,Data integration,Machine learning
759,Robotics,Machine learning
760,Combinatorial optimization,Machine learning
761,Assembly language,Machine learning
762,Broadband networks,Machine learning
763,Software project management,Machine learning
764,Distributed object,Machine learning
778,Parallel computing,Theory of computation
779,Parallel computing,Computer graphics
780,Parallel computing,Computer network
781,Analysis of algorithms,Parallel computing
782,Knowledge management,Parallel computing
783,Data-intensive computing,Parallel computing
784,Network service,Parallel computing
785,Data mining,Parallel computing
786,Software engineering,Parallel computing
787,Computer architecture,Parallel computing
788,Microarchitecture,Parallel computing
789,Parallel computing,Compiler
790,Software metric,Parallel computing
791,Network security,Parallel computing
792,Object-oriented programming,Parallel computing
793,Computer security,Parallel computing
794,Object-oriented design,Parallel computing
795,Discrete mathematics,Parallel computing
796,Distributed computing,Parallel computing
797,Data warehouse,Parallel computing
798,Natural language processing,Parallel computing
799,Game theory,Parallel computing
800,Parallel computing,Programming language
801,Test automation,Parallel computing
802,Cryptography,Parallel computing
803,Computer-aided software engineering,Parallel computing
804,Computer vision,Parallel computing
805,Parallel computing,Algorithm
806,Data structure,Parallel computing
807,Software analytics,Parallel computing
808,Parallel computing,Software development
809,Data integration,Parallel computing
810,Artificial intelligence,Parallel computing
811,Robotics,Parallel computing
812,Combinatorial optimization,Parallel computing
813,Assembly language,Parallel computing
814,Broadband networks,Parallel computing
815,Software project management,Parallel computing
816,Distributed object,Parallel computing
833,Computer graphics,Theory of computation
834,Computer network,Theory of computation
835,Theory of computation,Analysis of algorithms
836,Knowledge management,Theory of computation
837,Data-intensive computing,Theory of computation
838,Network service,Theory of computation
839,Data mining,Theory of computation
840,Software engineering,Theory of computation
841,Computer architecture,Theory of computation
842,Microarchitecture,Theory of computation
843,Theory of computation,Compiler
844,Software metric,Theory of computation
845,Network security,Theory of computation
846,Object-oriented programming,Theory of computation
847,Computer security,Theory of computation
848,Computational geometry,Theory of computation
849,Discrete mathematics,Theory of computation
850,Distributed computing,Theory of computation
851,Data warehouse,Theory of computation
852,Natural language processing,Theory of computation
853,Game theory,Theory of computation
854,Theory of computation,Programming language
855,Test automation,Theory of computation
856,Cryptography,Theory of computation
857,Computer-aided software engineering,Theory of computation
858,Computer vision,Theory of computation
859,Theory of computation,Algorithm
860,Theory of computation,Data structure
861,Software analytics,Theory of computation
862,Software development,Theory of computation
863,Data integration,Theory of computation
864,Artificial intelligence,Theory of computation
865,Robotics,Theory of computation
866,Combinatorial optimization,Theory of computation
867,Assembly language,Theory of computation
868,Broadband networks,Theory of computation
869,Software project management,Theory of computation
870,Distributed object,Theory of computation
891,Computer graphics,Computer network
892,Analysis of algorithms,Computer graphics
893,Knowledge management,Computer graphics
894,Data-intensive computing,Computer graphics
895,Network service,Computer graphics
896,Data mining,Computer graphics
897,Software engineering,Computer graphics
898,Computer architecture,Computer graphics
899,Microarchitecture,Computer graphics
900,Compiler,Computer graphics
901,Software metric,Computer graphics
902,Network security,Computer graphics
903,Object-oriented programming,Computer graphics
904,Computer security,Computer graphics
905,Discrete mathematics,Computer graphics
906,Distributed computing,Computer graphics
907,Data warehouse,Computer graphics
908,Natural language processing,Computer graphics
909,Game theory,Computer graphics
910,Computer graphics,Programming language
911,Test automation,Computer graphics
912,Cryptography,Computer graphics
913,Computer-aided software engineering,Computer graphics
914,Computer vision,Computer graphics
915,Computer graphics,Algorithm
916,Computer graphics,Data structure
917,Software analytics,Computer graphics
918,Software development,Computer graphics
919,Data integration,Computer graphics
920,Robotics,Computer graphics
921,Combinatorial optimization,Computer graphics
922,Assembly language,Computer graphics
923,Broadband networks,Computer graphics
924,Software project management,Computer graphics
925,Distributed object,Computer graphics
947,Analysis of algorithms,Computer network
948,Knowledge management,Computer network
949,Data-intensive computing,Computer network
950,Network service,Computer network
951,Data mining,Computer network
952,Software engineering,Computer network
953,Computer architecture,Computer network
954,Microarchitecture,Computer network
955,Compiler,Computer network
956,Software metric,Computer network
957,Network security,Computer network
958,Object-oriented programming,Computer network
959,Computer security,Computer network
960,Computer network,Object-oriented design
961,Computational geometry,Computer network
962,Discrete mathematics,Computer network
963,Distributed computing,Computer network
964,Data warehouse,Computer network
965,Natural language processing,Computer network
966,Game theory,Computer network
967,Computer network,Programming language
968,Test automation,Computer network
969,Cryptography,Computer network
970,Computer-aided software engineering,Computer network
971,Computer vision,Computer network
972,Computer network,Algorithm
973,Data structure,Computer network
974,Software analytics,Computer network
975,Computer network,Information management
976,Software development,Computer network
977,Data integration,Computer network
978,Artificial intelligence,Computer network
979,Robotics,Computer network
980,Combinatorial optimization,Computer network
981,Assembly language,Computer network
982,Broadband networks,Computer network
983,Software project management,Computer network
984,Distributed object,Computer network
1003,Knowledge management,Analysis of algorithms
1004,Data-intensive computing,Analysis of algorithms
1005,Network service,Analysis of algorithms
1006,Software engineering,Analysis of algorithms
1007,Microarchitecture,Analysis of algorithms
1008,Analysis of algorithms,Compiler
1009,Software metric,Analysis of algorithms
1010,Network security,Analysis of algorithms
1011,Object-oriented programming,Analysis of algorithms
1012,Analysis of algorithms,Computer security
1013,Analysis of algorithms,Object-oriented design
1014,Analysis of algorithms,Computational geometry
1015,Distributed computing,Analysis of algorithms
1016,Data warehouse,Analysis of algorithms
1017,Natural language processing,Analysis of algorithms
1018,Game theory,Analysis of algorithms
1019,Analysis of algorithms,Programming language
1020,Test automation,Analysis of algorithms
1021,Cryptography,Analysis of algorithms
1022,Computer-aided software engineering,Analysis of algorithms
1023,Computer vision,Analysis of algorithms
1024,Analysis of algorithms,Algorithm
1025,Data structure,Analysis of algorithms
1026,Software analytics,Analysis of algorithms
1027,Analysis of algorithms,Information management
1028,Analysis of algorithms,Software development
1029,Data integration,Analysis of algorithms
1030,Analysis of algorithms,Artificial intelligence
1031,Robotics,Analysis of algorithms
1032,Combinatorial optimization,Analysis of algorithms
1033,Assembly language,Analysis of algorithms
1034,Broadband networks,Analysis of algorithms
1035,Software project management,Analysis of algorithms
1036,Distributed object,Analysis of algorithms
1053,Data-intensive computing,Knowledge management
1054,Knowledge management,Network service
1055,Knowledge management,Data mining
1056,Software engineering,Knowledge management
1057,Knowledge management,Computer architecture
1058,Knowledge management,Compiler
1059,Knowledge management,Network security
1060,Knowledge management,Object-oriented programming
1061,Knowledge management,Computer security
1062,Knowledge management,Computational geometry
1063,Knowledge management,Discrete mathematics
1064,Knowledge management,Distributed computing
1065,Knowledge management,Data warehouse
1066,Knowledge management,Natural language processing
1067,Knowledge management,Programming language
1068,Knowledge management,Cryptography
1069,Computer-aided software engineering,Knowledge management
1070,Knowledge management,Computer vision
1071,Knowledge management,Algorithm
1072,Knowledge management,Data structure
1073,Information management,Knowledge management
1074,Knowledge management,Software development
1075,Data integration,Knowledge management
1076,Knowledge management,Artificial intelligence
1077,Knowledge management,Combinatorial optimization
1092,Data-intensive computing,Data mining
1093,Data-intensive computing,Software engineering
1094,Data-intensive computing,Computer architecture
1095,Data-intensive computing,Compiler
1096,Data-intensive computing,Object-oriented programming
1097,Data-intensive computing,Computer security
1098,Data-intensive computing,Computational geometry
1099,Data-intensive computing,Distributed computing
1100,Data-intensive computing,Data warehouse
1101,Data-intensive computing,Programming language
1102,Data-intensive computing,Cryptography
1103,Data-intensive computing,Algorithm
1104,Data-intensive computing,Data structure
1105,Data-intensive computing,Software development
1106,Data-intensive computing,Data integration
1107,Data-intensive computing,Artificial intelligence
1108,Data-intensive computing,Assembly language
1109,Data-intensive computing,Software project management
1131,Network service,Data mining
1132,Software engineering,Network service
1133,Network service,Computer architecture
1134,Microarchitecture,Network service
1135,Network service,Compiler
1136,Software metric,Network service
1137,Network security,Network service
1138,Object-oriented programming,Network service
1139,Network service,Computer security
1140,Network service,Object-oriented design
1141,Network service,Computational geometry
1142,Network service,Discrete mathematics
1143,Data warehouse,Network service
1144,Natural language processing,Network service
1145,Game theory,Network service
1146,Network service,Programming language
1147,Test automation,Network service
1148,Cryptography,Network service
1149,Computer-aided software engineering,Network service
1150,Network service,Computer vision
1151,Network service,Algorithm
1152,Network service,Data structure
1153,Software analytics,Network service
1154,Network service,Information management
1155,Network service,Software development
1156,Data integration,Network service
1157,Network service,Artificial intelligence
1158,Robotics,Network service
1159,Combinatorial optimization,Network service
1160,Assembly language,Network service
1161,Broadband networks,Network service
1162,Software project management,Network service
1163,Distributed object,Network service
1185,Software engineering,Data mining
1186,Microarchitecture,Data mining
1187,Data mining,Compiler
1188,Software metric,Data mining
1189,Network security,Data mining
1190,Object-oriented programming,Data mining
1191,Data mining,Computer security
1192,Data mining,Object-oriented design
1193,Data mining,Computational geometry
1194,Data mining,Discrete mathematics
1195,Distributed computing,Data mining
1196,Data warehouse,Data mining
1197,Natural language processing,Data mining
1198,Game theory,Data mining
1199,Data mining,Programming language
1200,Test automation,Data mining
1201,Cryptography,Data mining
1202,Computer-aided software engineering,Data mining
1203,Data mining,Computer vision
1204,Data mining,Algorithm
1205,Data mining,Data structure
1206,Software analytics,Data mining
1207,Information management,Data mining
1208,Data mining,Software development
1209,Data integration,Data mining
1210,Data mining,Artificial intelligence
1211,Robotics,Data mining
1212,Combinatorial optimization,Data mining
1213,Assembly language,Data mining
1214,Broadband networks,Data mining
1215,Software project management,Data mining
1216,Distributed object,Data mining
1241,Software engineering,Computer architecture
1242,Software engineering,Microarchitecture
1243,Software engineering,Compiler
1244,Software metric,Software engineering
1245,Software engineering,Network security
1246,Object-oriented programming,Software engineering
1247,Software engineering,Computer security
1248,Object-oriented design,Software engineering
1249,Software engineering,Computational geometry
1250,Software engineering,Discrete mathematics
1251,Software engineering,Data warehouse
1252,Natural language processing,Software engineering
1253,Game theory,Software engineering
1254,Software engineering,Programming language
1255,Test automation,Software engineering
1256,Software engineering,Cryptography
1257,Computer-aided software engineering,Software engineering
1258,Software engineering,Computer vision
1259,Software engineering,Algorithm
1260,Data structure,Software engineering
1261,Software analytics,Software engineering
1262,Software engineering,Information management
1263,Software engineering,Software development
1264,Software engineering,Data integration
1265,Software engineering,Artificial intelligence
1266,Robotics,Software engineering
1267,Combinatorial optimization,Software engineering
1268,Assembly language,Software engineering
1269,Software project management,Software engineering
1270,Distributed object,Software engineering
1296,Microarchitecture,Computer architecture
1297,Compiler,Computer architecture
1298,Software metric,Computer architecture
1299,Network security,Computer architecture
1300,Object-oriented programming,Computer architecture
1301,Computer architecture,Computer security
1302,Computer architecture,Object-oriented design
1303,Computer architecture,Computational geometry
1304,Computer architecture,Discrete mathematics
1305,Distributed computing,Computer architecture
1306,Data warehouse,Computer architecture
1307,Natural language processing,Computer architecture
1308,Game theory,Computer architecture
1309,Computer architecture,Programming language
1310,Test automation,Computer architecture
1311,Cryptography,Computer architecture
1312,Computer-aided software engineering,Computer architecture
1313,Computer architecture,Computer vision
1314,Computer architecture,Algorithm
1315,Data structure,Computer architecture
1316,Software analytics,Computer architecture
1317,Computer architecture,Information management
1318,Computer architecture,Software development
1319,Data integration,Computer architecture
1320,Computer architecture,Artificial intelligence
1321,Robotics,Computer architecture
1322,Combinatorial optimization,Computer architecture
1323,Assembly language,Computer architecture
1324,Broadband networks,Computer architecture
1325,Software project management,Computer architecture
1326,Distributed object,Computer architecture
1347,Microarchitecture,Compiler
1348,Microarchitecture,Network security
1349,Microarchitecture,Object-oriented programming
1350,Microarchitecture,Computer security
1351,Microarchitecture,Computational geometry
1352,Microarchitecture,Discrete mathematics
1353,Microarchitecture,Distributed computing
1354,Microarchitecture,Natural language processing
1355,Microarchitecture,Programming language
1356,Microarchitecture,Cryptography
1357,Microarchitecture,Computer vision
1358,Microarchitecture,Algorithm
1359,Microarchitecture,Data structure
1360,Microarchitecture,Software development
1361,Microarchitecture,Artificial intelligence
1362,Microarchitecture,Assembly language
1394,Software metric,Compiler
1395,Network security,Compiler
1396,Object-oriented programming,Compiler
1397,Computer security,Compiler
1398,Object-oriented design,Compiler
1399,Computational geometry,Compiler
1400,Discrete mathematics,Compiler
1401,Compiler,Distributed computing
1402,Data warehouse,Compiler
1403,Natural language processing,Compiler
1404,Game theory,Compiler
1405,Programming language,Compiler
1406,Test automation,Compiler
1407,Cryptography,Compiler
1408,Computer-aided software engineering,Compiler
1409,Computer vision,Compiler
1410,Compiler,Algorithm
1411,Data structure,Compiler
1412,Software analytics,Compiler
1413,Software development,Compiler
1414,Data integration,Compiler
1415,Artificial intelligence,Compiler
1416,Robotics,Compiler
1417,Combinatorial optimization,Compiler
1418,Assembly language,Compiler
1419,Broadband networks,Compiler
1420,Software project management,Compiler
1421,Distributed object,Compiler
1441,Software metric,Network security
1442,Software metric,Object-oriented programming
1443,Software metric,Computer security
1444,Software metric,Object-oriented design
1445,Software metric,Computational geometry
1446,Software metric,Discrete mathematics
1447,Software metric,Distributed computing
1448,Software metric,Natural language processing
1449,Software metric,Programming language
1450,Software metric,Test automation
1451,Software metric,Cryptography
1452,Software metric,Computer-aided software engineering
1453,Software metric,Computer vision
1454,Software metric,Algorithm
1455,Software metric,Data structure
1456,Software metric,Software development
1457,Software metric,Artificial intelligence
1458,Software metric,Robotics
1459,Software metric,Software project management
1488,Object-oriented programming,Network security
1489,Network security,Computer security
1490,Network security,Computational geometry
1491,Network security,Discrete mathematics
1492,Network security,Distributed computing
1493,Data warehouse,Network security
1494,Network security,Natural language processing
1495,Game theory,Network security
1496,Network security,Programming language
1497,Test automation,Network security
1498,Network security,Cryptography
1499,Computer-aided software engineering,Network security
1500,Network security,Computer vision
1501,Network security,Algorithm
1502,Data structure,Network security
1503,Software analytics,Network security
1504,Network security,Software development
1505,Data integration,Network security
1506,Network security,Artificial intelligence
1507,Robotics,Network security
1508,Combinatorial optimization,Network security
1509,Assembly language,Network security
1510,Broadband networks,Network security
1511,Software project management,Network security
1512,Distributed object,Network security
1541,Object-oriented programming,Computer security
1542,Object-oriented design,Object-oriented programming
1543,Object-oriented programming,Computational geometry
1544,Distributed computing,Object-oriented programming
1545,Data warehouse,Object-oriented programming
1546,Object-oriented programming,Natural language processing
1547,Object-oriented programming,Game theory
1548,Programming language,Object-oriented programming
1549,Test automation,Object-oriented programming
1550,Object-oriented programming,Cryptography
1551,Computer-aided software engineering,Object-oriented programming
1552,Object-oriented programming,Computer vision
1553,Object-oriented programming,Algorithm
1554,Data structure,Object-oriented programming
1555,Software analytics,Object-oriented programming
1556,Object-oriented programming,Information management
1557,Object-oriented programming,Software development
1558,Data integration,Object-oriented programming
1559,Object-oriented programming,Artificial intelligence
1560,Object-oriented programming,Robotics
1561,Combinatorial optimization,Object-oriented programming
1562,Assembly language,Object-oriented programming
1563,Software project management,Object-oriented programming
1564,Distributed object,Object-oriented programming
1594,Computer security,Object-oriented design
1595,Computer security,Computational geometry
1596,Distributed computing,Computer security
1597,Data warehouse,Computer security
1598,Natural language processing,Computer security
1599,Game theory,Computer security
1600,Computer security,Programming language
1601,Test automation,Computer security
1602,Cryptography,Computer security
1603,Computer-aided software engineering,Computer security
1604,Computer security,Computer vision
1605,Computer security,Algorithm
1606,Computer security,Data structure
1607,Software analytics,Computer security
1608,Computer security,Information management
1609,Computer security,Software development
1610,Data integration,Computer security
1611,Robotics,Computer security
1612,Combinatorial optimization,Computer security
1613,Assembly language,Computer security
1614,Broadband networks,Computer security
1615,Software project management,Computer security
1616,Distributed object,Computer security
1638,Computational geometry,Object-oriented design
1639,Discrete mathematics,Object-oriented design
1640,Distributed computing,Object-oriented design
1641,Programming language,Object-oriented design
1642,Test automation,Object-oriented design
1643,Computer-aided software engineering,Object-oriented design
1644,Object-oriented design,Algorithm
1645,Object-oriented design,Data structure
1646,Software analytics,Object-oriented design
1647,Object-oriented design,Software development
1648,Object-oriented design,Artificial intelligence
1649,Object-oriented design,Assembly language
1650,Distributed object,Object-oriented design
1681,Discrete mathematics,Computational geometry
1682,Distributed computing,Computational geometry
1683,Data warehouse,Computational geometry
1684,Natural language processing,Computational geometry
1685,Game theory,Computational geometry
1686,Computational geometry,Programming language
1687,Test automation,Computational geometry
1688,Cryptography,Computational geometry
1689,Computer-aided software engineering,Computational geometry
1690,Computer vision,Computational geometry
1691,Computational geometry,Algorithm
1692,Data structure,Computational geometry
1693,Software analytics,Computational geometry
1694,Computational geometry,Information management
1695,Computational geometry,Software development
1696,Data integration,Computational geometry
1697,Robotics,Computational geometry
1698,Combinatorial optimization,Computational geometry
1699,Assembly language,Computational geometry
1700,Broadband networks,Computational geometry
1701,Software project management,Computational geometry
1702,Distributed object,Computational geometry
1732,Distributed computing,Discrete mathematics
1733,Data warehouse,Discrete mathematics
1734,Natural language processing,Discrete mathematics
1735,Game theory,Discrete mathematics
1736,Discrete mathematics,Programming language
1737,Test automation,Discrete mathematics
1738,Computer-aided software engineering,Discrete mathematics
1739,Discrete mathematics,Computer vision
1740,Discrete mathematics,Algorithm
1741,Discrete mathematics,Data structure
1742,Software analytics,Discrete mathematics
1743,Software development,Discrete mathematics
1744,Data integration,Discrete mathematics
1745,Discrete mathematics,Artificial intelligence
1746,Robotics,Discrete mathematics
1747,Combinatorial optimization,Discrete mathematics
1748,Assembly language,Discrete mathematics
1749,Broadband networks,Discrete mathematics
1750,Software project management,Discrete mathematics
1751,Distributed object,Discrete mathematics
1787,Data warehouse,Distributed computing
1788,Natural language processing,Distributed computing
1789,Game theory,Distributed computing
1790,Distributed computing,Programming language
1791,Test automation,Distributed computing
1792,Computer-aided software engineering,Distributed computing
1793,Distributed computing,Computer vision
1794,Distributed computing,Algorithm
1795,Distributed computing,Data structure
1796,Software analytics,Distributed computing
1797,Distributed computing,Software development
1798,Data integration,Distributed computing
1799,Distributed computing,Artificial intelligence
1800,Robotics,Distributed computing
1801,Combinatorial optimization,Distributed computing
1802,Assembly language,Distributed computing
1803,Broadband networks,Distributed computing
1804,Software project management,Distributed computing
1805,Distributed object,Distributed computing
1836,Data warehouse,Natural language processing
1837,Data warehouse,Programming language
1838,Data warehouse,Cryptography
1839,Computer-aided software engineering,Data warehouse
1840,Data warehouse,Computer vision
1841,Data warehouse,Algorithm
1842,Data warehouse,Data structure
1843,Software analytics,Data warehouse
1844,Information management,Data warehouse
1845,Data warehouse,Software development
1846,Data integration,Data warehouse
1847,Data warehouse,Artificial intelligence
1848,Data warehouse,Assembly language
1883,Natural language processing,Game theory
1884,Natural language processing,Programming language
1885,Test automation,Natural language processing
1886,Natural language processing,Cryptography
1887,Computer-aided software engineering,Natural language processing
1888,Natural language processing,Computer vision
1889,Natural language processing,Algorithm
1890,Data structure,Natural language processing
1891,Software analytics,Natural language processing
1892,Natural language processing,Software development
1893,Data integration,Natural language processing
1894,Natural language processing,Artificial intelligence
1895,Robotics,Natural language processing
1896,Combinatorial optimization,Natural language processing
1897,Assembly language,Natural language processing
1898,Broadband networks,Natural language processing
1899,Software project management,Natural language processing
1900,Distributed object,Natural language processing
1928,Game theory,Programming language
1929,Game theory,Cryptography
1930,Game theory,Computer vision
1931,Game theory,Algorithm
1932,Game theory,Data structure
1933,Software analytics,Game theory
1934,Game theory,Software development
1935,Game theory,Artificial intelligence
1936,Robotics,Game theory
1937,Combinatorial optimization,Game theory
1978,Test automation,Programming language
1979,Cryptography,Programming language
1980,Computer-aided software engineering,Programming language
1981,Computer vision,Programming language
1982,Algorithm,Programming language
1983,Data structure,Programming language
1984,Software analytics,Programming language
1985,Programming language,Information management
1986,Software development,Programming language
1987,Data integration,Programming language
1988,Artificial intelligence,Programming language
1989,Robotics,Programming language
1990,Combinatorial optimization,Programming language
1991,Assembly language,Programming language
1992,Broadband networks,Programming language
1993,Software project management,Programming language
1994,Distributed object,Programming language
2025,Test automation,Cryptography
2026,Test automation,Computer-aided software engineering
2027,Test automation,Computer vision
2028,Test automation,Algorithm
2029,Test automation,Data structure
2030,Test automation,Software development
2031,Test automation,Artificial intelligence
2032,Test automation,Robotics
2033,Test automation,Assembly language
2034,Test automation,Software project management
2073,Computer-aided software engineering,Cryptography
2074,Computer vision,Cryptography
2075,Cryptography,Algorithm
2076,Data structure,Cryptography
2077,Software analytics,Cryptography
2078,Cryptography,Software development
2079,Data integration,Cryptography
2080,Cryptography,Artificial intelligence
2081,Robotics,Cryptography
2082,Combinatorial optimization,Cryptography
2083,Assembly language,Cryptography
2084,Broadband networks,Cryptography
2085,Software project management,Cryptography
2086,Distributed object,Cryptography
2122,Computer-aided software engineering,Computer vision
2123,Computer-aided software engineering,Algorithm
2124,Computer-aided software engineering,Data structure
2125,Software analytics,Computer-aided software engineering
2126,Computer-aided software engineering,Information management
2127,Computer-aided software engineering,Software development
2128,Computer-aided software engineering,Artificial intelligence
2129,Software project management,Computer-aided software engineering
2171,Computer vision,Algorithm
2172,Computer vision,Data structure
2173,Software analytics,Computer vision
2174,Software development,Computer vision
2175,Data integration,Computer vision
2176,Computer vision,Artificial intelligence
2177,Robotics,Computer vision
2178,Combinatorial optimization,Computer vision
2179,Assembly language,Computer vision
2180,Broadband networks,Computer vision
2181,Software project management,Computer vision
2182,Distributed object,Computer vision
2230,Data structure,Algorithm
2231,Software analytics,Algorithm
2232,Software development,Algorithm
2233,Data integration,Algorithm
2234,Artificial intelligence,Algorithm
2235,Robotics,Algorithm
2236,Combinatorial optimization,Algorithm
2237,Assembly language,Algorithm
2238,Broadband networks,Algorithm
2239,Software project management,Algorithm
2240,Distributed object,Algorithm
2284,Software analytics,Data structure
2285,Information management,Data structure
2286,Data structure,Software development
2287,Data integration,Data structure
2288,Data structure,Artificial intelligence
2289,Combinatorial optimization,Data structure
2290,Software project management,Data structure
2291,Distributed object,Data structure
2328,Software analytics,Software development
2329,Software analytics,Data integration
2330,Software analytics,Artificial intelligence
2331,Software analytics,Robotics
2332,Software analytics,Software project management
2356,Software development,Information management
2357,Information management,Data integration
2358,Artificial intelligence,Information management
2407,Data integration,Software development
2408,Artificial intelligence,Software development
2409,Robotics,Software development
2410,Combinatorial optimization,Software development
2411,Assembly language,Software development
2412,Broadband networks,Software development
2413,Software project management,Software development
2414,Distributed object,Software development
2454,Data integration,Artificial intelligence
2500,Robotics,Artificial intelligence
2501,Combinatorial optimization,Artificial intelligence
2502,Assembly language,Artificial intelligence
2503,Broadband networks,Artificial intelligence
2504,Software project management,Artificial intelligence
2505,Distributed object,Artificial intelligence
2544,Combinatorial optimization,Robotics
2545,Software project management,Robotics
2587,Broadband networks,Combinatorial optimization
2588,Combinatorial optimization,Software project management
2589,Distributed object,Combinatorial optimization
2629,Distributed object,Assembly language
