,Unnamed: 0,topic_a,topic_b,relation,tfidf_score,wiki_tfidf_score
0,0,Parallelogram,Rotational symmetry,0,0.03974638684978353,0.03974638684978353
1,1,Angle,Isosceles triangle,0,0.013289720292024892,0.0
2,2,Angle,Pythagorean theorem,0,0.006388874059125669,0.0
3,3,Edge (geometry),Acute and obtuse triangles,0,0.05683115666348501,0.0
4,4,Cartesian coordinate system,Line (geometry),1,0.13148745346522775,0.0
5,5,Polygon,Line segment,1,0.15903993383037476,0.15903993383037476
6,6,Angle,Two-dimensional space,0,0.0,0.0
7,7,Point (geometry),Two-dimensional space,0,0.0,0.0
8,8,Grade (slope),Geometry,1,1.0,1.0
9,9,Quadrilateral,Parallel (geometry),0,0.08918887342834682,0.0
10,10,Perpendicular,Cone,0,0.024820676356017583,0.0
11,11,Line segment,Bisection,0,0.0,0.0
12,12,Angle,Collinearity,0,0.016643833008996918,0.0
13,13,Midpoint,Arc (geometry),0,0.07683795436532947,0.0
14,14,Edge (geometry),Isosceles triangle,0,0.05683115666348501,0.0
15,15,Edge (geometry),Internal and external angle,0,0.0,0.0
16,16,Rectangle,Right triangle,0,0.04932210773645017,0.04932210773645017
17,17,Vertex (geometry),Pythagorean theorem,0,0.04932210773645017,0.0
18,18,Rotational symmetry,Prism (geometry),0,0.04932210773645017,0.0
19,19,Concentric,Geometry,1,1.0,1.0
20,20,Circle,Cross section (geometry),0,0.0,0.0
21,21,Parallelogram,Circumference,0,0.0,0.0
22,22,Pythagorean theorem,Pythagorean triple,0,0.0,0.0
23,23,Similarity (geometry),Sphere,0,0.024820676356017583,0.024820676356017583
24,24,Special right triangles,Right angle,1,0.0,0.0
25,25,Quadrilateral,Internal and external angle,0,0.0,0.0
26,26,Pythagorean triple,Pythagorean theorem,1,0.4899770103033659,0.4899770103033659
27,27,Circle,Geometry,1,1.0,1.0
28,28,Point (geometry),Quadrilateral,0,0.0,0.0
29,29,Pythagorean triple,Right triangle,1,0.31889293795118645,0.31889293795118645
30,30,Radius,Sine,0,0.0,0.0
31,31,Line segment,Pythagorean triple,0,0.0,0.0
32,32,Line (geometry),Diameter,0,0.0,0.0
33,33,Quadrilateral,Collinearity,0,0.05517240064241917,0.05517240064241917
34,34,Two-dimensional space,Nonagon,0,0.0,0.0
35,35,Circle,Vertex (geometry),0,0.028733417390198093,0.0
36,36,Two-dimensional space,Plane (geometry),1,0.059017923144508724,0.059017923144508724
37,37,Dodecagon,Angle,1,0.0,0.0
38,38,Vertex (geometry),Heptagon,0,0.05170570014353749,0.0
39,39,Chord (geometry),Angle,0,0.02153601726195221,0.02153601726195221
40,40,Symmetry,Parallelogram,0,0.0,0.0
41,41,Cylinder (geometry),Perpendicular,0,0.10663600686986777,0.10663600686986777
42,42,Coordinate system,Geometry,1,1.0,1.0
43,43,Circle,Bisection,0,0.006490414667354214,0.0
44,44,Polygon,Octagon,0,0.04237877034461378,0.04237877034461378
45,45,Perpendicular,Coordinate system,0,0.09401556540211617,0.09401556540211617
46,46,Midpoint,Altitude (triangle),0,0.012482874756747687,0.0
47,47,Point (geometry),Star polygon,0,0.0,0.0
48,48,Line (geometry),Pyramid (geometry),0,0.0,0.0
49,49,Edge (geometry),Right triangle,0,0.04932210773645017,0.0
50,50,Bisection,Triangle,0,0.14049501414406632,0.14049501414406632
51,51,Parallelogram,Angle,1,0.07439715054128948,0.07439715054128948
52,52,Point (geometry),Hexagon,0,0.0,0.0
53,53,Dodecagon,Polyhedron,0,0.0,0.0
54,54,Kite (geometry),Angle,1,0.14879430108257893,0.14879430108257893
55,55,Circumference,Arc (geometry),0,0.12543698540045667,0.0
56,56,Line (geometry),Convex polygon,0,0.0,0.0
57,57,Convex polygon,Geometry,1,1.0,0.0
58,58,Parallel (geometry),Perpendicular,0,0.0,0.0
59,59,Line segment,Vertex (geometry),0,0.0,0.0
60,60,Scale factor,Scaling (geometry),0,0.18182602475866444,0.18182602475866444
61,61,Line segment,Dodecagon,0,0.0,0.0
62,62,Rhombus,Perpendicular,0,0.03928694989942497,0.03928694989942497
63,63,Pentagon,Edge (geometry),1,0.0,0.0
64,64,Perpendicular,Angle,1,0.0735462027409806,0.0735462027409806
65,65,Parallel (geometry),Angle,0,0.0,0.0
66,66,Perpendicular,Two-dimensional space,0,0.0,0.0
67,67,Rectangle,Point (geometry),1,0.0184317264854546,0.0
68,68,Diameter,Radius,1,0.0,0.0
69,69,Midpoint,Plane (geometry),0,0.033472851932706445,0.0
70,70,Rhombus,Edge (geometry),1,0.08949380594259329,0.0
71,71,Vertex (geometry),Nonagon,0,0.05170570014353749,0.0
72,72,Tangent,Sine,0,0.0,0.0
73,73,Right triangle,Polygon,1,0.07938966656197792,0.0
74,74,Point (geometry),Secant line,0,0.0,0.0
75,75,Reflection symmetry,Line (geometry),1,0.1998609292671462,0.0
76,76,Line segment,Pentagon,0,0.0,0.0
77,77,Parallel (geometry),Skew lines,0,0.0,0.0
78,78,Acute and obtuse triangles,Vertex (geometry),1,0.0,0.0
79,79,Quadrilateral,Triangle inequality,0,0.0,0.0
80,80,Line (geometry),Plane (geometry),0,0.17975688041724416,0.17975688041724416
81,81,Chord (geometry),Pythagorean theorem,0,0.04932210773645017,0.04932210773645017
82,82,Rotational symmetry,Trapezoid,0,0.014793514202520331,0.0
83,83,Rhombus,Parallelogram,1,0.09988129445189986,0.09988129445189986
84,84,Acute and obtuse triangles,Triangle,1,0.0,0.0
85,85,Trigonometric functions,Line (geometry),1,0.13148745346522775,0.0
86,86,Parallelogram,Convex polygon,0,0.0,0.0
87,87,Arc length,Distance,1,0.08022855177826205,0.08022855177826205
88,88,Circle,Diameter,0,0.06978919164657628,0.06978919164657628
89,89,Rhombus,Vertex (geometry),1,0.08949380594259329,0.0
90,90,Edge (geometry),Trigonometric functions,0,0.0,0.0
91,91,Geometry,Star polygon,0,0.0,0.0
92,92,Acute and obtuse triangles,Polygon,1,0.0,0.0
93,93,Right angle,Geometry,1,1.0,1.0
94,94,Sine,Trigonometric functions,1,0.09186889774933768,0.09186889774933768
95,95,Edge (geometry),Hendecagon,0,0.09008904028661244,0.0
96,96,Polygon,Right triangle,0,0.04932210773645017,0.0
97,97,Circle,Sine,0,0.0,0.0
98,98,Altitude (triangle),Geometry,1,1.0,1.0
99,99,Line (geometry),Kite (geometry),0,0.0,0.0
100,100,Inverse trigonometric functions,Line segment,1,0.09542396029822486,0.0
101,101,Equilateral triangle,Angle,1,0.1763725551625397,0.1763725551625397
102,102,Midpoint,Point (geometry),1,0.08142971701036658,0.0
103,103,Chord (geometry),Sine,0,0.0,0.0
104,104,Line (geometry),Reflection symmetry,0,0.0,0.0
105,105,Right triangle,Altitude (triangle),0,0.11487652700838255,0.0
106,106,Heptagon,Radius,0,0.0,0.0
107,107,Collinearity,Cone,0,0.0,0.0
108,108,Trapezoid,Geometry,1,1.0,1.0
109,109,Line segment,Collinearity,0,0.05517240064241917,0.0
110,110,Circle,Two-dimensional space,0,0.0,0.0
111,111,Polyhedron,Geometry,1,1.0,1.0
112,112,Polyhedron,Point (geometry),1,0.011758170344169313,0.0
113,113,Angle,Reflection (mathematics),0,0.024820676356017583,0.0
114,114,Cross section (geometry),Geometry,1,1.0,1.0
115,115,Triangle,Arc length,0,0.0,0.0
116,116,Polygon,Quadrilateral,0,0.0,0.0
117,117,Translation (geometry),Distance,0,0.2807999312239172,0.2807999312239172
118,118,Line (geometry),Prism (geometry),0,0.0,0.0
119,119,Equilateral triangle,Geometry,1,1.0,1.0
120,120,Polygon,Rectangle,0,0.014793514202520331,0.014793514202520331
121,121,Octagon,Line segment,1,0.0,0.0
122,122,Geometry,Cylinder (geometry),0,0.0,0.0
123,123,Perpendicular,Trapezoid,0,0.0,0.0
124,124,Symmetry,Translation (geometry),0,0.1637081824587144,0.0
125,125,Point (geometry),Angle bisector theorem,0,0.0,0.0
126,126,Triangle inequality,Arc length,0,0.0,0.0
127,127,Vertex (geometry),Polygon,0,0.09008904028661244,0.09008904028661244
128,128,Diameter,Line segment,1,0.0,0.0
129,129,Vertex (geometry),Altitude (triangle),0,0.17536042901219492,0.0
130,130,Line (geometry),Secant line,0,0.0,0.0
131,131,Circumference,Polygon,0,0.059303616946627676,0.059303616946627676
132,132,Polyhedron,Line (geometry),1,0.008614695227032163,0.0
133,133,Cylinder (geometry),Tangent,0,0.14535397294938202,0.14535397294938202
134,134,Geometry,Decagon,0,0.0,0.0
135,135,Polygon,Hendecagon,0,0.10341140028707498,0.10341140028707498
136,136,Angle,Distance,0,0.019953214950034083,0.019953214950034083
137,137,Bisection,Congruence (geometry),0,0.012057425158555549,0.0
138,138,Geometry,Square,0,0.0,0.0
139,139,Decagon,Edge (geometry),1,0.0,0.0
140,140,Altitude (triangle),Line (geometry),1,0.06424101297872555,0.0
141,141,Rotation (mathematics),Distance,0,0.06332053312320332,0.06332053312320332
142,142,Vertex (geometry),Star polygon,0,0.05170570014353749,0.0
143,143,Line (geometry),Angle,0,0.0,0.0
144,144,Self-similarity,Similarity (geometry),1,0.04932210773645017,0.0
145,145,Rhombus,Square,0,0.042059595048315135,0.042059595048315135
146,146,Altitude (triangle),Point (geometry),1,0.06819738799618201,0.0
147,147,Edge (geometry),Line (geometry),1,0.008614695227032163,0.0
148,148,Reflection symmetry,Reflection (mathematics),1,0.2409194828052304,0.0
149,149,Pythagorean theorem,Arc length,0,0.0,0.0
150,150,Geometry,Prism (geometry),0,0.0,0.0
151,151,Trigonometric functions,Chord (geometry),0,0.1910271475432337,0.0
152,152,Acute and obtuse triangles,Right triangle,0,0.0,0.0
153,153,Cylinder (geometry),Radius,0,0.16356977305666445,0.16356977305666445
154,154,Inverse trigonometric functions,Tangent,0,0.14773057183867852,0.14773057183867852
155,155,Geometry,Symmetry,0,0.0,0.0
156,156,Angle bisector theorem,Point (geometry),1,0.0,0.0
157,157,Rotation (mathematics),Rigid transformation,0,0.1744968761998812,0.0
158,158,Star polygon,Vertex (geometry),1,0.0,0.0
159,159,Convex polygon,Point (geometry),1,0.07538225961581431,0.0
160,160,Point (geometry),Radius,0,0.0,0.0
161,161,Cylinder (geometry),Polyhedron,0,0.08949380594259329,0.08949380594259329
162,162,Pythagorean triple,Line (geometry),1,0.0773338303272873,0.0
163,163,Parallel (geometry),Tangent,0,0.0,0.0
164,164,Line segment,Arc (geometry),0,0.0,0.0
165,165,Reflection symmetry,Geometry,1,1.0,1.0
166,166,Polygon,Rhombus,0,0.04932210773645017,0.04932210773645017
167,167,Point (geometry),Isosceles triangle,0,0.0,0.0
168,168,Triangle,Altitude (triangle),0,0.04932210773645017,0.0
169,169,Line (geometry),Trapezoid,0,0.0,0.0
170,170,Rhombus,Sine,0,0.0,0.0
171,171,Line (geometry),Pythagorean triple,0,0.0,0.0
172,172,Cartesian coordinate system,Two-dimensional space,1,0.0,0.0
173,173,Special right triangles,Line segment,1,0.09542396029822486,0.09542396029822486
174,174,Vertex (geometry),Pyramid (geometry),0,0.17536042901219492,0.0
175,175,Geometry,Midpoint,0,0.0,0.0
176,176,Special right triangles,Circle,0,0.06332053312320332,0.06332053312320332
177,177,Pentagon,Point (geometry),1,0.0,0.0
178,178,Right triangle,Isosceles triangle,0,0.10259664065443218,0.10259664065443218
179,179,Pythagorean triple,Polygon,1,0.059303616946627676,0.0
180,180,Angle bisector theorem,Geometry,1,1.0,1.0
181,181,Circle,Slope,0,0.059542897133722364,0.059542897133722364
182,182,Geometry,Similarity (geometry),0,0.0,0.0
183,183,Point (geometry),Midpoint,0,0.0,0.0
184,184,Line (geometry),Decagon,0,0.0,0.0
185,185,Point (geometry),Arc length,0,0.0,0.0
186,186,Angle,Perpendicular,0,0.010313672512456986,0.010313672512456986
187,187,Nonagon,Line segment,1,0.0,0.0
188,188,Reflection (mathematics),Circle,0,0.047934266323195016,0.047934266323195016
189,189,Perpendicular,Vertex (geometry),0,0.04932210773645017,0.0
190,190,Vertex (geometry),Rectangle,0,0.014793514202520331,0.0
191,191,Square,Trapezoid,0,0.0,0.0
192,192,Rhombus,Kite (geometry),0,0.5714840542180459,0.0
193,193,Rotational symmetry,Line (geometry),1,0.1998609292671462,0.0
194,194,Inverse trigonometric functions,Geometry,1,1.0,1.0
195,195,Perpendicular,Internal and external angle,0,0.0,0.0
196,196,Quadrilateral,Reflection symmetry,0,0.0,0.0
197,197,Similarity (geometry),Polygon,0,0.08754684514624947,0.08754684514624947
198,198,Vertex (geometry),Prism (geometry),0,0.15344037538567054,0.0
199,199,Point (geometry),Geometry,1,1.0,1.0
200,200,Rhombus,Triangle,0,0.0982408745518659,0.0982408745518659
201,201,Circle,Internal and external angle,0,0.0,0.0
202,202,Isosceles triangle,Geometry,1,1.0,1.0
203,203,Pythagorean triple,Angle,1,0.04703268137667725,0.04703268137667725
204,204,Polyhedron,Diagonal,0,0.09008904028661244,0.0
205,205,Reflection symmetry,Point (geometry),1,0.1926185767831095,0.0
206,206,Parallelogram,Rectangle,0,0.03120086631804288,0.03120086631804288
207,207,Face (geometry),Plane (geometry),0,0.0,0.0
208,208,Parallelogram,Line segment,1,0.07439715054128948,0.0
209,209,Collinearity,Midpoint,0,0.0,0.0
210,210,Right triangle,Diameter,0,0.06978919164657628,0.06978919164657628
211,211,Circumference,Distance,0,0.12034282766739307,0.12034282766739307
212,212,Arc (geometry),Diameter,0,0.06978919164657628,0.06978919164657628
213,213,Rhombus,Geometry,1,1.0,1.0
214,214,Cartesian coordinate system,Angle,1,0.0,0.0
215,215,Parallel (geometry),Circle,0,0.0,0.0
216,216,Perpendicular,Chord (geometry),0,0.1682399654404273,0.0
217,217,Point (geometry),Transversal (geometry),0,0.0,0.0
218,218,Tangent,Isosceles triangle,0,0.06332053312320332,0.0
219,219,Angle,Transversal (geometry),0,0.0,0.0
220,220,Equilateral triangle,Line (geometry),1,0.025844085681096488,0.0
221,221,Trapezoid,Line (geometry),1,0.012039815016093143,0.0
222,222,Line (geometry),Rectangle,0,0.0,0.0
223,223,Bisection,Line segment,1,0.09542396029822486,0.09542396029822486
224,224,Geometry,Pentagon,0,0.0,0.0
225,225,Right angle,Rectangle,0,0.0,0.0
226,226,Rectangle,Translation (geometry),0,0.03974638684978353,0.0
227,227,Similarity (geometry),Circle,0,0.06332053312320332,0.06332053312320332
228,228,Congruence (geometry),Vertex (geometry),1,0.04932210773645017,0.0
229,229,Right angle,Triangle,0,0.0,0.0
230,230,Point (geometry),Decagon,0,0.0,0.0
231,231,Line (geometry),Angle bisector theorem,0,0.0,0.0
232,232,Exterior angle theorem,Midpoint,0,0.06332053312320332,0.06332053312320332
233,233,Square,Symmetry,0,0.0,0.0
234,234,Perpendicular,Angle bisector theorem,0,0.0,0.0
235,235,Symmetry,Geometry,1,1.0,1.0
236,236,Angle,Right angle,0,0.0,0.0
237,237,Prism (geometry),Distance,0,0.06332053312320332,0.06332053312320332
238,238,Midpoint,Angle,0,0.020357429252591645,0.020357429252591645
239,239,Line (geometry),Midpoint,0,0.0,0.0
240,240,Heptagon,Polygon,1,0.0,0.0
241,241,Square,Octagon,0,0.0,0.0
242,242,Radius,Sphere,0,0.0,0.0
243,243,Diameter,Line (geometry),1,0.0,0.0
244,244,Line segment,Rhombus,0,0.0,0.0
245,245,Point (geometry),Tangent,0,0.0,0.0
246,246,Point (geometry),Diameter,0,0.0,0.0
247,247,Rectangle,Polygon,1,0.059303616946627676,0.059303616946627676
248,248,Bisection,Diagonal,0,0.059303616946627676,0.059303616946627676
249,249,Polygon,Angle,1,0.05683115666348501,0.05683115666348501
250,250,Prism (geometry),Line (geometry),1,0.09233643968732574,0.0
251,251,Symmetry,Rotational symmetry,0,0.06498448717694626,0.06498448717694626
252,252,Collinearity,Tangent,0,0.0,0.0
253,253,Diagonal,Edge (geometry),1,0.0,0.0
254,254,Line (geometry),Tangent,0,0.0,0.0
255,255,Triangle,Point (geometry),1,0.018185970132315203,0.0
256,256,Triangle inequality,Line (geometry),1,0.024982616158393273,0.0
257,257,Angle,Trigonometric functions,0,0.0,0.0
258,258,Circle,Decagon,0,0.04390894400523967,0.0
259,259,Vertex (geometry),Triangle inequality,0,0.0,0.0
260,260,Polygon,Nonagon,0,0.05170570014353749,0.05170570014353749
261,261,Geometry,Tangent,0,0.0,0.0
262,262,Acute and obtuse triangles,Edge (geometry),1,0.0,0.0
263,263,Triangle,Equilateral triangle,0,0.06780603255138205,0.06780603255138205
264,264,Angle,Square,0,0.027628700884695254,0.027628700884695254
265,265,Triangle,Triangle inequality,0,0.0,0.0
266,266,Vertex (geometry),Parallelogram,0,0.014793514202520331,0.0
267,267,Line segment,Congruence (geometry),0,0.0,0.0
268,268,Triangle,Pythagorean theorem,0,0.04932210773645017,0.04932210773645017
269,269,Edge (geometry),Pythagorean triple,0,0.0,0.0
270,270,Line segment,Inverse trigonometric functions,0,0.0,0.0
271,271,Collinearity,Altitude (triangle),0,0.0,0.0
272,272,Line segment,Quadrilateral,0,0.0,0.0
273,273,Pentagon,Diagonal,0,0.0,0.0
274,274,Bisection,Parallelogram,0,0.0,0.0
275,275,Two-dimensional space,Coordinate system,0,0.0812735468718789,0.0812735468718789
276,276,Trigonometric functions,Tangent,0,0.3520697844014068,0.3520697844014068
277,277,Dodecagon,Geometry,1,1.0,1.0
278,278,Hendecagon,Line (geometry),1,0.0,0.0
279,279,Geometry,Radius,0,0.0,0.0
280,280,Rotation (mathematics),Space (mathematics),0,0.0622569987333762,0.0
281,281,Rotation (mathematics),Rotational symmetry,0,0.06498448717694626,0.06498448717694626
282,282,Angle,Acute and obtuse triangles,0,0.008783164838261923,0.0
283,283,Diameter,Distance,0,0.0,0.0
284,284,Transversal (geometry),Congruence (geometry),0,0.05186301731738625,0.0
285,285,Pythagorean theorem,Isosceles triangle,0,0.08744031873957288,0.08744031873957288
286,286,Decagon,Line segment,1,0.0,0.0
287,287,Line segment,Right triangle,0,0.0,0.0
288,288,Edge (geometry),Point (geometry),1,0.011758170344169313,0.0
289,289,Dodecagon,Hexagon,0,0.0,0.0
290,290,Point (geometry),Rotational symmetry,0,0.0,0.0
291,291,Sine,Cartesian coordinate system,0,0.03475252237827098,0.03475252237827098
292,292,Pythagorean theorem,Point (geometry),1,0.10940257060672096,0.0
293,293,Edge (geometry),Star polygon,0,0.05170570014353749,0.0
294,294,Radius,Line (geometry),1,0.0,0.0
295,295,Convex polygon,Angle,1,0.2318711191870189,0.2318711191870189
296,296,Sphere,Polyhedron,0,0.05936491664532041,0.0
297,297,Trigonometric functions,Right triangle,0,0.22764049724515464,0.22764049724515464
298,298,Polygon,Hexagon,0,0.034845684948896165,0.034845684948896165
299,299,Square,Circle,0,0.0,0.0
300,300,Tangent,Triangle,1,0.06332053312320332,0.06332053312320332
301,301,Geometry,Hendecagon,0,0.0,0.0
302,302,Heptagon,Edge (geometry),1,0.0,0.0
303,303,Rectangle,Vertex (geometry),1,0.08949380594259329,0.0
304,304,Reflection symmetry,Perpendicular,0,0.010999578709061614,0.010999578709061614
305,305,Reflection symmetry,Rotational symmetry,0,0.06498448717694626,0.0
306,306,Point (geometry),Vertex (geometry),0,0.0,0.0
307,307,Prism (geometry),Parallelogram,0,0.19335748140758968,0.19335748140758968
308,308,Rotation (mathematics),Point (geometry),1,0.06199762545107456,0.0
309,309,Rigid transformation,Line (geometry),1,0.0622569987333762,0.0
310,310,Collinearity,Distance,0,0.0,0.0
311,311,Rhombus,Line segment,1,0.09542396029822486,0.09542396029822486
312,312,Polygon,Pentagon,0,0.07286837589126981,0.07286837589126981
313,313,Kite (geometry),Quadrilateral,1,0.0,0.0
314,314,Vertex (geometry),Point (geometry),1,0.011758170344169313,0.0
315,315,Parallelogram,Tessellation,0,0.06332053312320332,0.0
316,316,Geometry,Bisection,0,0.0,0.0
317,317,Right triangle,Tangent,0,0.10663600686986777,0.10663600686986777
318,318,Angle,Circumference,0,0.0,0.0
319,319,Sine,Line segment,1,0.010868332607998276,0.010868332607998276
320,320,Tangent,Edge (geometry),1,0.04932210773645017,0.0
321,321,Edge (geometry),Convex polygon,0,0.0,0.0
322,322,Pythagorean theorem,Rigid transformation,0,0.03974638684978353,0.0
323,323,Pyramid (geometry),Line (geometry),1,0.09233643968732574,0.0
324,324,Two-dimensional space,Point (geometry),1,0.10768008630976107,0.0
325,325,Polygon,Exterior angle theorem,0,0.0,0.0
326,326,Arc length,Circle,1,0.29676436143832163,0.29676436143832163
327,327,Point (geometry),Nonagon,0,0.0,0.0
328,328,Acute and obtuse triangles,Point (geometry),1,0.0,0.0
329,329,Two-dimensional space,Star polygon,0,0.0,0.0
330,330,Line (geometry),Square,0,0.0,0.0
331,331,Secant line,Chord (geometry),0,0.13382769582509613,0.0
332,332,Acute and obtuse triangles,Pyramid (geometry),0,0.0,0.0
333,333,Midpoint,Angle bisector theorem,0,0.0,0.0
334,334,Line (geometry),Radius,0,0.0,0.0
335,335,Acute and obtuse triangles,Tangent,0,0.0,0.0
336,336,Prism (geometry),Line segment,1,0.0865243163325873,0.0865243163325873
337,337,Line segment,Octagon,0,0.0,0.0
338,338,Vertex (geometry),Internal and external angle,0,0.0,0.0
339,339,Point (geometry),Hendecagon,0,0.0,0.0
340,340,Geometry,Inverse trigonometric functions,0,0.0,0.0
341,341,Point (geometry),Angle,0,0.0,0.0
342,342,Line segment,Cylinder (geometry),0,0.0,0.0
343,343,Line segment,Similarity (geometry),0,0.0,0.0
344,344,Geometry,Special right triangles,0,0.0,0.0
345,345,Hexagon,Angle,1,0.0,0.0
346,346,Polyhedron,Vertex (geometry),1,0.06364861198503402,0.0
347,347,Triangle inequality,Parallelogram,0,0.0,0.0
348,348,Plane (geometry),Skew lines,0,0.0,0.0
349,349,Plane (geometry),Coordinate system,0,0.0812735468718789,0.0
350,350,Radius,Geometry,1,1.0,1.0
351,351,Equilateral triangle,Square,0,0.03281439551228421,0.03281439551228421
352,352,Parallel (geometry),Point (geometry),1,0.16165222220136824,0.0
353,353,Similarity (geometry),Square,0,0.01479874640588866,0.01479874640588866
354,354,Angle,Hendecagon,0,0.010716207283634713,0.0
355,355,Tessellation,Vertex (geometry),0,0.02121620399501134,0.0
356,356,Angle bisector theorem,Sine,0,0.0,0.0
357,357,Prism (geometry),Parallel (geometry),1,0.04502153836157677,0.0
358,358,Tessellation,Kite (geometry),0,0.0,0.0
359,359,Point (geometry),Rectangle,0,0.0,0.0
360,360,Angle bisector theorem,Edge (geometry),1,0.0,0.0
361,361,Pythagorean theorem,Altitude (triangle),0,0.13489289156287348,0.0
362,362,Bisection,Line (geometry),1,0.03760823937822643,0.0
363,363,Diagonal,Point (geometry),1,0.0,0.0
364,364,Concentric,Sphere,0,0.0,0.0
365,365,Altitude (triangle),Bisection,0,0.04566470319531357,0.0
366,366,Square,Coordinate system,0,0.0,0.0
367,367,Parallelogram,Pythagorean theorem,0,0.04932210773645017,0.0
368,368,Parallel (geometry),Distance,0,0.0,0.0
369,369,Edge (geometry),Inverse trigonometric functions,0,0.0,0.0
370,370,Cylinder (geometry),Concentric,0,0.011559865550778257,0.0
371,371,Rotational symmetry,Cone,0,0.024820676356017583,0.0
372,372,Geometry,Parallelogram,0,0.0,0.0
373,373,Decagon,Polygon,1,0.0,0.0
374,374,Pythagorean triple,Geometry,1,1.0,1.0
375,375,Pythagorean triple,Right angle,1,0.0,0.0
376,376,Special right triangles,Pythagorean theorem,0,0.21155334936175105,0.21155334936175105
377,377,Congruence (geometry),Geometry,1,1.0,1.0
378,378,Collinearity,Chord (geometry),0,0.0,0.0
379,379,Distance,Arc length,0,0.0,0.0
380,380,Similarity (geometry),Midpoint,0,0.06332053312320332,0.06332053312320332
381,381,Circle,Cone,0,0.024820676356017583,0.0
382,382,Convex polygon,Pyramid (geometry),0,0.04932210773645017,0.0
383,383,Geometry,Perpendicular,0,0.0,0.0
384,384,Angle bisector theorem,Triangle,1,0.0,0.0
385,385,Polygon,Pyramid (geometry),0,0.04932210773645017,0.0
386,386,Point (geometry),Reflection symmetry,0,0.0,0.0
387,387,Pythagorean triple,Vertex (geometry),1,0.07938966656197792,0.0
388,388,Triangle inequality,Geometry,1,1.0,1.0
389,389,Isosceles triangle,Line segment,1,0.09542396029822486,0.09542396029822486
390,390,Right triangle,Circle,0,0.10663600686986777,0.10663600686986777
391,391,Cartesian coordinate system,Distance,1,0.0,0.0
392,392,Angle,Circle,0,0.038529567214854336,0.038529567214854336
393,393,Similarity (geometry),Reflection (mathematics),0,0.00743578650633427,0.0
394,394,Triangle,Sphere,0,0.024820676356017583,0.024820676356017583
395,395,Convex polygon,Kite (geometry),0,0.0,0.0
396,396,Diameter,Geometry,1,1.0,1.0
397,397,Midpoint,Line segment,1,0.21363573201095115,0.21363573201095115
398,398,Edge (geometry),Special right triangles,0,0.0,0.0
399,399,Tangent,Pyramid (geometry),0,0.04932210773645017,0.0
400,400,Two-dimensional space,Sphere,0,0.0,0.0
401,401,Rectangle,Square,0,0.17278536344172704,0.17278536344172704
402,402,Face (geometry),Symmetry,0,0.0,0.0
403,403,Secant line,Line (geometry),1,0.039446236039568316,0.0
404,404,Polyhedron,Polygon,1,0.09008904028661244,0.09008904028661244
405,405,Vertex (geometry),Inverse trigonometric functions,0,0.0,0.0
406,406,Perpendicular,Cartesian coordinate system,0,0.0,0.0
407,407,Circle,Diagonal,0,0.003361265026753145,0.003361265026753145
408,408,Dodecagon,Point (geometry),1,0.0,0.0
409,409,Triangle inequality,Pythagorean triple,0,0.0,0.0
410,410,Grade (slope),Angle,1,0.0,0.0
411,411,Pyramid (geometry),Angle,1,0.12713631103384135,0.12713631103384135
412,412,Sine,Edge (geometry),1,0.058984297406916485,0.0
413,413,Edge (geometry),Sine,0,0.0,0.0
414,414,Line (geometry),Hexagon,0,0.0,0.0
415,415,Point (geometry),Coordinate system,0,0.0812735468718789,0.0
416,416,Isosceles triangle,Vertex (geometry),1,0.03281439551228421,0.0
417,417,Edge (geometry),Diagonal,0,0.09008904028661244,0.09008904028661244
418,418,Perpendicular,Line (geometry),1,0.21553629626849105,0.0
419,419,Point (geometry),Convex polygon,0,0.0,0.0
420,420,Angle bisector theorem,Perpendicular,1,0.0,0.0
421,421,Triangle inequality,Right triangle,0,0.04932210773645017,0.04932210773645017
422,422,Similarity (geometry),Pythagorean triple,0,0.0,0.0
423,423,Pentagon,Vertex (geometry),1,0.0,0.0
424,424,Congruence (geometry),Sphere,0,0.024820676356017583,0.024820676356017583
425,425,Altitude (triangle),Tangent,0,0.10663600686986777,0.10663600686986777
426,426,Tangent,Polygon,1,0.059303616946627676,0.0
427,427,Collinearity,Point (geometry),1,0.0,0.0
428,428,Cylinder (geometry),Coordinate system,0,0.10506414168320563,0.0
429,429,Diameter,Kite (geometry),0,0.0,0.0
430,430,Congruence (geometry),Line segment,1,0.0865243163325873,0.0865243163325873
431,431,Geometry,Rectangle,0,0.0,0.0
432,432,Rectangle,Sphere,0,0.024820676356017583,0.024820676356017583
433,433,Diameter,Point (geometry),1,0.0,0.0
434,434,Point (geometry),Polyhedron,0,0.0,0.0
435,435,Square,Edge (geometry),1,0.0,0.0
436,436,Circle,Secant line,0,0.09448757386636293,0.0
437,437,Diameter,Decagon,0,0.0,0.0
438,438,Prism (geometry),Polygon,1,0.09008904028661244,0.09008904028661244
439,439,Right angle,Trapezoid,0,0.0,0.0
440,440,Line segment,Internal and external angle,0,0.0,0.0
441,441,Line (geometry),Special right triangles,0,0.0,0.0
442,442,Rhombus,Line (geometry),1,0.13571855419801354,0.0
443,443,Inverse trigonometric functions,Angle,1,0.22732462665394004,0.22732462665394004
444,444,Edge (geometry),Square,0,0.08266885923289527,0.08266885923289527
445,445,Congruence (geometry),Diameter,0,0.06332053312320332,0.06332053312320332
446,446,Pyramid (geometry),Scaling (geometry),0,0.04932210773645017,0.0
447,447,Parallel (geometry),Line (geometry),1,0.16165222220136824,0.0
448,448,Special right triangles,Triangle,1,0.3010607445944278,0.3010607445944278
449,449,Right triangle,Pythagorean triple,0,0.0,0.0
450,450,Special right triangles,Pythagorean triple,0,0.0,0.0
451,451,Tangent,Kite (geometry),0,0.018063659447287984,0.0
452,452,Decagon,Angle,1,0.0,0.0
453,453,Line (geometry),Quadrilateral,0,0.0,0.0
454,454,Radius,Line segment,1,0.0,0.0
455,455,Edge (geometry),Decagon,0,0.05170570014353749,0.0
456,456,Angle bisector theorem,Line segment,1,0.0,0.0
457,457,Line segment,Parallel (geometry),0,0.0,0.0
458,458,Exterior angle theorem,Angle,1,0.44681047307843386,0.44681047307843386
459,459,Perpendicular,Quadrilateral,0,0.0,0.0
460,460,Cone,Cartesian coordinate system,0,0.04110175644704181,0.04110175644704181
461,461,Arc length,Slope,0,0.09233643968732574,0.09233643968732574
462,462,Circle,Convex polygon,0,0.0,0.0
463,463,Point (geometry),Equilateral triangle,0,0.0,0.0
464,464,Distance,Cartesian coordinate system,0,0.0,0.0
465,465,Right angle,Angle,1,0.0,0.0
466,466,Circle,Radius,0,0.09764368178407992,0.09764368178407992
467,467,Heptagon,Geometry,1,1.0,1.0
468,468,Angle bisector theorem,Midpoint,1,0.0,0.0
469,469,Congruence (geometry),Isosceles triangle,0,0.06332053312320332,0.0
470,470,Arc (geometry),Chord (geometry),0,0.1910271475432337,0.0
471,471,Geometry,Sine,0,0.0,0.0
472,472,Square,Reflection symmetry,0,0.0,0.0
473,473,Geometry,Line (geometry),0,0.0,0.0
474,474,Triangle,Geometry,1,1.0,1.0
475,475,Inverse trigonometric functions,Pythagorean theorem,0,0.14440885427199254,0.14440885427199254
476,476,Hendecagon,Line segment,1,0.0,0.0
477,477,Circle,Polygon,0,0.007578193381614966,0.007578193381614966
478,478,Star polygon,Line segment,1,0.0,0.0
479,479,Cartesian coordinate system,Perpendicular,1,0.0,0.0
480,480,Edge (geometry),Face (geometry),0,0.3950709986889519,0.0
481,481,Pentagon,Polygon,1,0.0,0.0
482,482,Hendecagon,Vertex (geometry),1,0.0,0.0
483,483,Geometry,Tessellation,0,0.0,0.0
484,484,Internal and external angle,Line segment,1,0.0865243163325873,0.0
485,485,Coordinate system,Plane (geometry),1,0.059017923144508724,0.0
486,486,Polyhedron,Angle,1,0.02939542586042328,0.02939542586042328
487,487,Vertex (geometry),Diagonal,0,0.09008904028661244,0.09008904028661244
488,488,Special right triangles,Vertex (geometry),1,0.07938966656197792,0.0
489,489,Transversal (geometry),Internal and external angle,0,0.0,0.0
490,490,Midpoint,Trapezoid,0,0.0,0.0
491,491,Slope,Line (geometry),1,0.13148745346522775,0.0
492,492,Two-dimensional space,Decagon,0,0.0,0.0
493,493,Midpoint,Isosceles triangle,0,0.10259664065443218,0.10259664065443218
494,494,Polyhedron,Prism (geometry),0,0.15344037538567054,0.0
495,495,Geometry,Point (geometry),0,0.0,0.0
496,496,Cone,Geometry,1,1.0,1.0
497,497,Square,Pythagorean theorem,0,0.0,0.0
498,498,Plane (geometry),Tessellation,0,0.0,0.0
499,499,Triangle,Tessellation,0,0.06780603255138205,0.0
500,500,Similarity (geometry),Self-similarity,0,0.07324126101064263,0.07324126101064263
501,501,Line segment,Cross section (geometry),0,0.0,0.0
502,502,Geometry,Rigid transformation,0,0.0,0.0
503,503,Polyhedron,Coordinate system,0,0.0812735468718789,0.0812735468718789
504,504,Star polygon,Angle,1,0.0,0.0
505,505,Parallelogram,Parallel (geometry),1,0.20341549605185136,0.0
506,506,Pentagon,Rotational symmetry,0,0.0,0.0
507,507,Point (geometry),Chord (geometry),0,0.0,0.0
508,508,Polygon,Kite (geometry),0,0.0,0.0
509,509,Right triangle,Triangle,1,0.3010607445944278,0.3010607445944278
510,510,Trigonometric functions,Inverse trigonometric functions,0,0.0,0.0
511,511,Vertex (geometry),Hexagon,0,0.018023630145980768,0.0
512,512,Angle,Space (mathematics),0,0.01715464275311838,0.0
513,513,Line (geometry),Rhombus,0,0.0,0.0
514,514,Point (geometry),Sine,0,0.0,0.0
515,515,Geometry,Two-dimensional space,0,0.0,0.0
516,516,Reflection symmetry,Trapezoid,0,0.014793514202520331,0.014793514202520331
517,517,Diagonal,Angle,1,0.0,0.0
518,518,Right triangle,Geometry,1,1.0,1.0
519,519,Line (geometry),Distance,0,0.0,0.0
520,520,Quadrilateral,Square,0,0.04637821418274035,0.04637821418274035
521,521,Edge (geometry),Vertex (geometry),1,0.06364861198503402,0.0
522,522,Translation (geometry),Rigid transformation,0,0.3199109396997822,0.0
523,523,Polygon,Space (mathematics),0,0.07582090193935527,0.0
524,524,Polyhedron,Reflection symmetry,0,0.0,0.0
525,525,Symmetry,Rhombus,0,0.036172275475666635,0.036172275475666635
526,526,Point (geometry),Congruence (geometry),0,0.0,0.0
527,527,Angle,Sine,0,0.0,0.0
528,528,Vertex (geometry),Isosceles triangle,0,0.05683115666348501,0.0
529,529,Line segment,Kite (geometry),0,0.0,0.0
530,530,Vertex (geometry),Equilateral triangle,0,0.0630804547680908,0.0
531,531,Geometry,Arc (geometry),0,0.0,0.0
532,532,Vertex (geometry),Exterior angle theorem,0,0.0,0.0
533,533,Line segment,Altitude (triangle),0,0.0,0.0
534,534,Symmetry,Rigid transformation,0,0.18575473918051869,0.0
535,535,Nonagon,Angle,1,0.0,0.0
536,536,Rectangle,Line (geometry),1,0.06752058421187371,0.0
537,537,Radius,Cartesian coordinate system,0,0.0,0.0
538,538,Collinearity,Rectangle,0,0.0,0.0
539,539,Polyhedron,Cross section (geometry),0,0.04055209094785971,0.0
540,540,Triangle,Trigonometric functions,0,0.0,0.0
541,541,Perpendicular,Isosceles triangle,0,0.06332053312320332,0.06332053312320332
542,542,Vertex (geometry),Square,0,0.08266885923289527,0.0
543,543,Edge (geometry),Hexagon,0,0.018023630145980768,0.0
544,544,Angle,Equilateral triangle,0,0.008783164838261923,0.008783164838261923
545,545,Radius,Polygon,0,0.0,0.0
546,546,Triangle inequality,Distance,0,0.06332053312320332,0.06332053312320332
547,547,Geometry,Quadrilateral,0,0.0,0.0
548,548,Triangle,Acute and obtuse triangles,0,0.06780603255138205,0.0
549,549,Diameter,Perpendicular,0,0.0,0.0
550,550,Bisection,Isosceles triangle,0,0.10259664065443218,0.0
551,551,Symmetry,Trapezoid,0,0.014793514202520331,0.014793514202520331
552,552,Geometry,Reflection (mathematics),0,0.0,0.0
553,553,Isosceles triangle,Equilateral triangle,0,0.06780603255138205,0.06780603255138205
554,554,Square,Right angle,1,0.0,0.0
555,555,Point (geometry),Special right triangles,0,0.0,0.0
556,556,Pentagon,Angle,1,0.0,0.0
557,557,Parallel (geometry),Square,0,0.0,0.0
558,558,Angle,Special right triangles,0,0.0,0.0
559,559,Pythagorean theorem,Parallelogram,0,0.026000721931702404,0.026000721931702404
560,560,Rigid transformation,Point (geometry),1,0.047934266323195016,0.0
561,561,Triangle,Hexagon,0,0.06780603255138205,0.06780603255138205
562,562,Triangle,Plane (geometry),0,0.09542396029822486,0.0
563,563,Line (geometry),Collinearity,0,0.05517240064241917,0.05517240064241917
564,564,Reflection symmetry,Symmetry,1,1.4395992286490198,1.4395992286490198
565,565,Line (geometry),Skew lines,0,0.0,0.0
566,566,Pyramid (geometry),Sphere,0,0.024820676356017583,0.024820676356017583
567,567,Exterior angle theorem,Edge (geometry),1,0.04932210773645017,0.0
568,568,Geometry,Kite (geometry),0,0.0,0.0
569,569,Point (geometry),Rigid transformation,0,0.0,0.0
570,570,Special right triangles,Isosceles triangle,0,0.10259664065443218,0.10259664065443218
571,571,Decagon,Line (geometry),1,0.0,0.0
572,572,Coordinate system,Right angle,0,0.0,0.0
573,573,Pythagorean theorem,Perpendicular,0,0.10663600686986777,0.10663600686986777
574,574,Circle,Distance,0,0.058644220589186474,0.058644220589186474
575,575,Nonagon,Vertex (geometry),1,0.0,0.0
576,576,Bisection,Tangent,0,0.08026366108484671,0.08026366108484671
577,577,Polyhedron,Rhombus,0,0.04932210773645017,0.0
578,578,Tessellation,Hexagon,0,0.10814178087588462,0.10814178087588462
579,579,Rhombus,Cone,0,0.024820676356017583,0.024820676356017583
580,580,Acute and obtuse triangles,Altitude (triangle),0,0.0,0.0
581,581,Triangle,Convex polygon,0,0.0,0.0
582,582,Edge (geometry),Tangent,0,0.10663600686986777,0.0
583,583,Sphere,Circle,1,0.20192214283432194,0.20192214283432194
584,584,Rhombus,Circle,0,0.0468575307534192,0.0468575307534192
585,585,Symmetry,Quadrilateral,0,0.0,0.0
586,586,Collinearity,Sphere,0,0.0,0.0
587,587,Heptagon,Point (geometry),1,0.0,0.0
588,588,Line segment,Prism (geometry),0,0.0,0.0
589,589,Hexagon,Geometry,1,1.0,1.0
590,590,Pyramid (geometry),Edge (geometry),1,0.300582050551488,0.0
591,591,Cross section (geometry),Plane (geometry),1,0.3737801799152219,0.0
592,592,Quadrilateral,Tessellation,0,0.06780603255138205,0.0
593,593,Vertex (geometry),Geometry,1,1.0,1.0
594,594,Angle,Diagonal,0,0.01429553562759865,0.0
595,595,Congruence (geometry),Line (geometry),1,0.1577849441582733,0.0
596,596,Point (geometry),Diagonal,0,0.0,0.0
597,597,Nonagon,Point (geometry),1,0.0,0.0
598,598,Angle,Internal and external angle,0,0.0,0.0
599,599,Rotation (mathematics),Angle,1,0.09299643817661182,0.09299643817661182
600,600,Tangent,Distance,0,0.03903010627050586,0.03903010627050586
601,601,Point (geometry),Acute and obtuse triangles,0,0.0,0.0
602,602,Cartesian coordinate system,Point (geometry),1,0.10768008630976107,0.0
603,603,Polygon,Concentric,0,0.011559865550778257,0.0
604,604,Point (geometry),Octagon,0,0.0,0.0
605,605,Triangle inequality,Line segment,1,0.09542396029822486,0.09542396029822486
606,606,Angle,Tangent,0,0.038529567214854336,0.038529567214854336
607,607,Point (geometry),Line (geometry),0,0.1907069935755212,0.0
608,608,Pentagon,Decagon,0,0.0,0.0
609,609,Geometry,Trapezoid,0,0.0,0.0
610,610,Bisection,Chord (geometry),0,0.08026366108484671,0.0
611,611,Decagon,Point (geometry),1,0.0,0.0
612,612,Rotation (mathematics),Symmetry,1,0.1744968761998812,0.1744968761998812
613,613,Acute and obtuse triangles,Geometry,1,1.0,1.0
614,614,Pythagorean theorem,Rectangle,0,0.026000721931702404,0.026000721931702404
615,615,Pythagorean theorem,Line segment,1,0.09542396029822486,0.09542396029822486
616,616,Exterior angle theorem,Geometry,1,1.0,1.0
617,617,Symmetry,Prism (geometry),0,0.036172275475666635,0.0
618,618,Exterior angle theorem,Point (geometry),1,0.07538225961581431,0.0
619,619,Rectangle,Quadrilateral,1,0.09988129445189986,0.09988129445189986
620,620,Geometry,Concentric,0,0.0,0.0
621,621,Coordinate system,Distance,0,0.0,0.0
622,622,Angle,Quadrilateral,0,0.0,0.0
623,623,Altitude (triangle),Equilateral triangle,0,0.06780603255138205,0.06780603255138205
624,624,Vertex (geometry),Decagon,0,0.05170570014353749,0.0
625,625,Perpendicular,Tangent,0,0.1682399654404273,0.1682399654404273
626,626,Rectangle,Internal and external angle,0,0.0,0.0
627,627,Square,Perpendicular,0,0.0,0.0
628,628,Geometry,Right angle,0,0.0,0.0
629,629,Rectangle,Pyramid (geometry),0,0.08949380594259329,0.0
630,630,Polygon,Point (geometry),1,0.04546492533078801,0.0
631,631,Vertex (geometry),Trigonometric functions,0,0.0,0.0
632,632,Line (geometry),Sphere,0,0.0,0.0
633,633,Midpoint,Coordinate system,0,0.09219088898899698,0.0
634,634,Line segment,Convex polygon,0,0.0,0.0
635,635,Radius,Distance,0,0.0,0.0
636,636,Triangle,Edge (geometry),1,0.03281439551228421,0.0
637,637,Angle,Rigid transformation,0,0.0,0.0
638,638,Triangle,Similarity (geometry),0,0.04932210773645017,0.0
639,639,Line segment,Pyramid (geometry),0,0.0,0.0
640,640,Tangent,Point (geometry),1,0.11980622215545488,0.0
641,641,Point (geometry),Circle,0,0.0,0.0
642,642,Vertex (geometry),Special right triangles,0,0.0,0.0
643,643,Reflection (mathematics),Symmetry,1,0.17477562520339535,0.17477562520339535
644,644,Reflection symmetry,Kite (geometry),0,0.014793514202520331,0.0
645,645,Pyramid (geometry),Triangle,0,0.02333220770606816,0.02333220770606816
646,646,Pyramid (geometry),Geometry,1,1.0,1.0
647,647,Geometry,Self-similarity,0,0.0,0.0
648,648,Quadrilateral,Line (geometry),1,0.02230590728427971,0.0
649,649,Bisection,Perpendicular,1,0.08026366108484671,0.08026366108484671
650,650,Face (geometry),Square,0,0.0,0.0
651,651,Tangent,Trigonometric functions,1,0.0,0.0
652,652,Circle,Chord (geometry),0,0.1910271475432337,0.0
653,653,Kite (geometry),Vertex (geometry),1,0.08949380594259329,0.0
654,654,Tessellation,Plane (geometry),1,0.09542396029822486,0.0
655,655,Line segment,Polygon,0,0.0,0.0
656,656,Diameter,Bisection,0,0.0,0.0
657,657,Line segment,Rectangle,0,0.0,0.0
658,658,Line (geometry),Right angle,0,0.0,0.0
659,659,Rotational symmetry,Scale factor,0,0.0,0.0
660,660,Equilateral triangle,Polygon,1,0.05147945159234996,0.05147945159234996
661,661,Square,Parallel (geometry),1,0.0,0.0
662,662,Right angle,Right triangle,0,0.0,0.0
663,663,Congruence (geometry),Distance,0,0.06332053312320332,0.06332053312320332
664,664,Concentric,Equilateral triangle,0,0.0,0.0
665,665,Congruence (geometry),Reflection (mathematics),0,0.024820676356017583,0.0
666,666,Geometry,Equilateral triangle,0,0.0,0.0
667,667,Circle,Acute and obtuse triangles,0,0.04390894400523967,0.0
668,668,Geometry,Dodecagon,0,0.0,0.0
669,669,Triangle,Pythagorean triple,0,0.0,0.0
670,670,Trigonometric functions,Circle,0,0.2646817277693139,0.2646817277693139
671,671,Rhombus,Congruence (geometry),0,0.02950896157225437,0.0
672,672,Square,Acute and obtuse triangles,0,0.0,0.0
673,673,Congruence (geometry),Tessellation,0,0.06332053312320332,0.0
674,674,Inverse trigonometric functions,Triangle,1,0.2666538023550646,0.2666538023550646
675,675,Line (geometry),Parallelogram,0,0.0,0.0
676,676,Acute and obtuse triangles,Line segment,1,0.0,0.0
677,677,Angle,Pythagorean triple,0,0.0,0.0
678,678,Pythagorean theorem,Trigonometric functions,0,0.0,0.0
679,679,Trigonometric functions,Line segment,1,0.09542396029822486,0.0
680,680,Rigid transformation,Distance,0,0.04152404277341358,0.04152404277341358
681,681,Circle,Sphere,0,0.024820676356017583,0.024820676356017583
682,682,Line segment,Polyhedron,0,0.0,0.0
683,683,Convex polygon,Trapezoid,0,0.0,0.0
684,684,Special right triangles,Line (geometry),1,0.09542396029822486,0.0
685,685,Rhombus,Polygon,1,0.09988129445189986,0.09988129445189986
686,686,Rotation (mathematics),Reflection (mathematics),0,0.10950885582055928,0.0
687,687,Cylinder (geometry),Angle,0,0.10506414168320563,0.10506414168320563
688,688,Rectangle,Bisection,0,0.04319634086043176,0.0
689,689,Rotation (mathematics),Cartesian coordinate system,0,0.0385261548587398,0.0
690,690,Point (geometry),Bisection,0,0.0,0.0
691,691,Skew lines,Line (geometry),1,0.2319814357565089,0.0
692,692,Edge (geometry),Octagon,0,0.02192005362652436,0.0
693,693,Line (geometry),Diagonal,0,0.0,0.0
694,694,Sine,Line (geometry),1,0.004552640757793764,0.0
695,695,Point (geometry),Sphere,0,0.0,0.0
696,696,Octagon,Edge (geometry),1,0.0,0.0
697,697,Exterior angle theorem,Triangle,1,0.12872942182658292,0.12872942182658292
698,698,Grade (slope),Point (geometry),1,0.10768008630976107,0.0
699,699,Similarity (geometry),Isosceles triangle,0,0.10259664065443218,0.10259664065443218
700,700,Hendecagon,Polygon,1,0.0,0.0
701,701,Tessellation,Polygon,0,0.05147945159234996,0.05147945159234996
702,702,Dodecagon,Line (geometry),1,0.0,0.0
703,703,Cross section (geometry),Cylinder (geometry),0,0.02324893879744901,0.02324893879744901
704,704,Pythagorean theorem,Two-dimensional space,0,0.0,0.0
705,705,Prism (geometry),Congruence (geometry),0,0.015793528728812196,0.0
706,706,Rotational symmetry,Perpendicular,0,0.06332053312320332,0.06332053312320332
707,707,Trigonometric functions,Distance,0,0.10940257060672096,0.10940257060672096
708,708,Line (geometry),Polyhedron,0,0.0,0.0
709,709,Diameter,Chord (geometry),1,0.0,0.0
710,710,Line segment,Exterior angle theorem,0,0.0,0.0
711,711,Geometry,Rhombus,0,0.0,0.0
712,712,Quadrilateral,Edge (geometry),1,0.04932210773645017,0.0
713,713,Point (geometry),Pythagorean triple,0,0.0,0.0
714,714,Rectangle,Edge (geometry),1,0.08949380594259329,0.0
715,715,Transversal (geometry),Line (geometry),1,0.15373917635934325,0.0
716,716,Chord (geometry),Diameter,0,0.14472074478290026,0.14472074478290026
717,717,Reflection (mathematics),Point (geometry),1,0.021999157418123232,0.0
718,718,Geometry,Rotational symmetry,0,0.0,0.0
719,719,Line segment,Equilateral triangle,0,0.0,0.0
720,720,Dodecagon,Line segment,1,0.0,0.0
721,721,Collinearity,Triangle inequality,0,0.0,0.0
722,722,Edge (geometry),Heptagon,0,0.05170570014353749,0.0
723,723,Inverse trigonometric functions,Point (geometry),1,0.07538225961581431,0.0
724,724,Triangle,Circle,0,0.06332053312320332,0.06332053312320332
725,725,Trigonometric functions,Sine,0,0.3818267087522769,0.3818267087522769
726,726,Heptagon,Two-dimensional space,0,0.0,0.0
727,727,Quadrilateral,Convex polygon,0,0.0,0.0
728,728,Rhombus,Tangent,0,0.13571855419801354,0.13571855419801354
729,729,Trigonometric functions,Similarity (geometry),0,0.028455062155644324,0.0
730,730,Line (geometry),Right triangle,0,0.0,0.0
731,731,Geometry,Pythagorean theorem,0,0.0,0.0
732,732,Line segment,Hexagon,0,0.0,0.0
733,733,Edge (geometry),Rectangle,0,0.014793514202520331,0.0
734,734,Internal and external angle,Edge (geometry),1,0.04932210773645017,0.0
735,735,Polygon,Isosceles triangle,0,0.05683115666348501,0.0
736,736,Two-dimensional space,Geometry,1,1.0,1.0
737,737,Radius,Diameter,0,0.0,0.0
738,738,Rotational symmetry,Rhombus,0,0.04932210773645017,0.0
739,739,Similarity (geometry),Space (mathematics),0,0.07582090193935527,0.0
740,740,Line (geometry),Equilateral triangle,0,0.0,0.0
741,741,Circle,Trapezoid,0,0.007510980873571092,0.007510980873571092
742,742,Octagon,Point (geometry),1,0.0,0.0
743,743,Geometry,Triangle inequality,0,0.0,0.0
744,744,Grade (slope),Distance,0,0.0,0.0
745,745,Octagon,Line (geometry),1,0.0,0.0
746,746,Polygon,Square,0,0.03281439551228421,0.03281439551228421
747,747,Angle,Coordinate system,0,0.013335037915075124,0.013335037915075124
748,748,Right angle,Point (geometry),1,0.0,0.0
749,749,Parallel (geometry),Slope,0,0.3807956847299461,0.3807956847299461
750,750,Dodecagon,Polygon,1,0.0,0.0
751,751,Prism (geometry),Polyhedron,1,0.12315781840777995,0.12315781840777995
752,752,Vertex (geometry),Angle bisector theorem,0,0.0,0.0
753,753,Transversal (geometry),Plane (geometry),1,0.15373917635934325,0.0
754,754,Internal and external angle,Polygon,1,0.059303616946627676,0.059303616946627676
755,755,Line segment,Triangle,0,0.0,0.0
756,756,Similarity (geometry),Right triangle,0,0.04932210773645017,0.04932210773645017
757,757,Plane (geometry),Geometry,1,1.0,1.0
758,758,Line (geometry),Circle,0,0.0,0.0
759,759,Perpendicular,Slope,0,0.17975688041724416,0.17975688041724416
760,760,Rhombus,Trapezoid,0,0.09988129445189986,0.09988129445189986
761,761,Line (geometry),Trigonometric functions,0,0.0,0.0
762,762,Tangent,Arc length,0,0.0,0.0
763,763,Diagonal,Kite (geometry),0,0.0,0.0
764,764,Quadrilateral,Rectangle,0,0.057456952483003074,0.057456952483003074
765,765,Triangle inequality,Edge (geometry),1,0.04932210773645017,0.0
766,766,Parallelogram,Face (geometry),0,0.03281439551228421,0.0
767,767,Quadrilateral,Midpoint,0,0.04091806772135572,0.04091806772135572
768,768,Quadrilateral,Rhombus,0,0.07946019439615082,0.07946019439615082
769,769,Rectangle,Triangle,0,0.0982408745518659,0.0982408745518659
770,770,Geometry,Edge (geometry),0,0.0,0.0
771,771,Similarity (geometry),Rotation (mathematics),0,0.03923960217093868,0.0
772,772,Exterior angle theorem,Sphere,0,0.024820676356017583,0.024820676356017583
773,773,Rotational symmetry,Equilateral triangle,0,0.06332053312320332,0.06332053312320332
774,774,Edge (geometry),Kite (geometry),0,0.014793514202520331,0.0
775,775,Triangle inequality,Angle,1,0.18185970132315205,0.18185970132315205
776,776,Special right triangles,Right triangle,1,0.2983192000188518,0.2983192000188518
777,777,Line (geometry),Internal and external angle,0,0.0,0.0
778,778,Star polygon,Line (geometry),1,0.0,0.0
779,779,Edge (geometry),Altitude (triangle),0,0.17536042901219492,0.0
780,780,Geometry,Slope,0,0.0,0.0
781,781,Point (geometry),Kite (geometry),0,0.0,0.0
782,782,Arc length,Tangent,0,0.18844569960346028,0.18844569960346028
783,783,Circle,Triangle,0,0.004737504102754955,0.004737504102754955
784,784,Pythagorean theorem,Similarity (geometry),0,0.05966384000377036,0.0
785,785,Star polygon,Point (geometry),1,0.0,0.0
786,786,Right triangle,Sine,0,0.0,0.0
787,787,Midpoint,Right triangle,0,0.04932210773645017,0.04932210773645017
788,788,Plane (geometry),Cartesian coordinate system,0,0.0,0.0
789,789,Diameter,Sphere,0,0.0,0.0
790,790,Angle,Inverse trigonometric functions,0,0.0,0.0
791,791,Rigid transformation,Angle,1,0.047934266323195016,0.0
792,792,Square,Angle,1,0.0,0.0
793,793,Geometry,Triangle,0,0.0,0.0
794,794,Quadrilateral,Hexagon,0,0.03266782963959015,0.03266782963959015
795,795,Line (geometry),Geometry,1,1.0,1.0
796,796,Line segment,Heptagon,0,0.0,0.0
797,797,Angle bisector theorem,Line (geometry),1,0.0,0.0
798,798,Translation (geometry),Coordinate system,0,0.04289437196015832,0.04289437196015832
799,799,Angle,Star polygon,0,0.005358103641817357,0.0
800,800,Vertex (geometry),Pythagorean triple,0,0.0,0.0
801,801,Angle,Line (geometry),1,0.09233643968732574,0.0
802,802,Arc (geometry),Plane (geometry),0,0.0865243163325873,0.0
803,803,Angle,Reflection symmetry,0,0.0,0.0
804,804,Midpoint,Tangent,0,0.07683795436532947,0.07683795436532947
805,805,Vertex (geometry),Sine,0,0.0,0.0
806,806,Angle,Rotation (mathematics),0,0.024820676356017583,0.0
807,807,Triangle inequality,Pythagorean theorem,0,0.04932210773645017,0.04932210773645017
808,808,Angle,Polygon,0,0.059303616946627676,0.059303616946627676
809,809,Square,Line (geometry),1,0.0,0.0
810,810,Line segment,Pythagorean theorem,0,0.0,0.0
811,811,Quadrilateral,Parallelogram,0,0.33931865719196475,0.33931865719196475
812,812,Line (geometry),Octagon,0,0.0,0.0
813,813,Polygon,Polyhedron,0,0.04932210773645017,0.04932210773645017
814,814,Polygon,Inverse trigonometric functions,0,0.0,0.0
815,815,Rhombus,Face (geometry),0,0.08949380594259329,0.0
816,816,Congruence (geometry),Cartesian coordinate system,0,0.0,0.0
817,817,Face (geometry),Rhombus,0,0.0,0.0
818,818,Pyramid (geometry),Plane (geometry),0,0.10663600686986777,0.0
819,819,Polygon,Convex polygon,0,0.0,0.0
820,820,Line segment,Distance,0,0.0,0.0
821,821,Two-dimensional space,Hendecagon,0,0.0,0.0
822,822,Bisection,Trapezoid,0,0.0,0.0
823,823,Point (geometry),Parallelogram,0,0.0,0.0
824,824,Congruence (geometry),Polygon,1,0.059303616946627676,0.059303616946627676
825,825,Square,Rectangle,1,0.0,0.0
826,826,Line segment,Radius,0,0.0,0.0
827,827,Vertex (geometry),Edge (geometry),0,0.1507621570164203,0.0
828,828,Angle,Polyhedron,0,0.027628700884695254,0.027628700884695254
829,829,Line (geometry),Line segment,0,0.05463203833867837,0.05463203833867837
830,830,Skew lines,Parallel (geometry),1,0.4566470319531357,0.0
831,831,Line segment,Line (geometry),1,0.1907069935755212,0.1907069935755212
832,832,Parallelogram,Rhombus,0,0.04932210773645017,0.04932210773645017
833,833,Trapezoid,Parallelogram,0,0.02067527286135372,0.02067527286135372
834,834,Trigonometric functions,Angle,1,0.22033002275689573,0.22033002275689573
835,835,Secant line,Tangent,0,0.1003707718688221,0.1003707718688221
836,836,Right angle,Perpendicular,0,0.0,0.0
837,837,Arc (geometry),Perpendicular,0,0.06332053312320332,0.06332053312320332
838,838,Geometry,Congruence (geometry),0,0.0,0.0
839,839,Pythagorean theorem,Right triangle,1,0.16814354910153467,0.16814354910153467
840,840,Rhombus,Rectangle,0,0.09031829723643993,0.09031829723643993
841,841,Congruence (geometry),Edge (geometry),1,0.04932210773645017,0.0
842,842,Angle,Convex polygon,0,0.0,0.0
843,843,Triangle,Perpendicular,0,0.06332053312320332,0.06332053312320332
844,844,Parallel (geometry),Geometry,1,1.0,1.0
845,845,Rigid transformation,Symmetry,1,0.17477562520339535,0.0
846,846,Rectangle,Symmetry,0,0.03974638684978353,0.03974638684978353
847,847,Pentagon,Convex polygon,0,0.0,0.0
848,848,Bisection,Point (geometry),1,0.09532968214520066,0.0
849,849,Geometry,Circle,0,0.0,0.0
850,850,Similarity (geometry),Translation (geometry),0,0.03923960217093868,0.0
851,851,Coordinate system,Arc length,0,0.0,0.0
852,852,Square,Line segment,1,0.0,0.0
853,853,Altitude (triangle),Congruence (geometry),0,0.048057451703385684,0.0
854,854,Isosceles triangle,Triangle,1,0.4106468556267995,0.4106468556267995
855,855,Special right triangles,Rectangle,0,0.026000721931702404,0.026000721931702404
856,856,Square,Polygon,1,0.0,0.0
857,857,Convex polygon,Polygon,1,0.5075873927005706,0.5075873927005706
858,858,Point (geometry),Inverse trigonometric functions,0,0.0,0.0
859,859,Right angle,Line (geometry),1,0.0,0.0
860,860,Grade (slope),Sine,0,0.0,0.0
861,861,Angle,Vertex (geometry),0,0.027628700884695254,0.0
862,862,Bisection,Midpoint,1,0.06332053312320332,0.06332053312320332
863,863,Rotation (mathematics),Geometry,1,1.0,1.0
864,864,Congruence (geometry),Coordinate system,0,0.18167028124302345,0.18167028124302345
865,865,Parallel (geometry),Rhombus,0,0.0,0.0
866,866,Right angle,Coordinate system,0,0.0,0.0
867,867,Coordinate system,Cartesian coordinate system,0,0.0,0.0
868,868,Edge (geometry),Rhombus,0,0.04932210773645017,0.0
869,869,Reflection symmetry,Triangle,0,0.010999578709061614,0.010999578709061614
870,870,Equilateral triangle,Vertex (geometry),1,0.02121620399501134,0.0
871,871,Pentagon,Dodecagon,0,0.0,0.0
872,872,Pythagorean theorem,Vertex (geometry),1,0.07938966656197792,0.0
873,873,Kite (geometry),Line (geometry),1,0.13571855419801354,0.0
874,874,Rhombus,Diagonal,0,0.3049463468350386,0.3049463468350386
875,875,Heptagon,Line segment,1,0.0,0.0
876,876,Hexagon,Vertex (geometry),1,0.0,0.0
877,877,Polygon,Parallelogram,0,0.0,0.0
878,878,Secant line,Geometry,1,1.0,1.0
879,879,Pythagorean theorem,Cone,0,0.024820676356017583,0.0
880,880,Parallelogram,Congruence (geometry),0,0.048057451703385684,0.0
881,881,Rhombus,Quadrilateral,1,0.09988129445189986,0.09988129445189986
882,882,Polygon,Two-dimensional space,0,0.0,0.0
883,883,Point (geometry),Pyramid (geometry),0,0.0,0.0
884,884,Right triangle,Point (geometry),1,0.10940257060672096,0.0
885,885,Scaling (geometry),Scale factor,1,0.0,0.0
886,886,Rotational symmetry,Quadrilateral,0,0.0,0.0
887,887,Isosceles triangle,Edge (geometry),1,0.03281439551228421,0.0
888,888,Plane (geometry),Two-dimensional space,0,0.0,0.0
889,889,Perpendicular,Congruence (geometry),0,0.048057451703385684,0.0
890,890,Edge (geometry),Pythagorean theorem,0,0.04932210773645017,0.0
891,891,Radius,Coordinate system,0,0.0,0.0
892,892,Polyhedron,Edge (geometry),1,0.1507621570164203,0.0
893,893,Symmetry,Perpendicular,0,0.010999578709061614,0.010999578709061614
894,894,Geometry,Octagon,0,0.0,0.0
895,895,Angle,Sphere,0,0.024820676356017583,0.024820676356017583
896,896,Square,Geometry,1,1.0,1.0
897,897,Exterior angle theorem,Line segment,1,0.15903993383037476,0.15903993383037476
898,898,Point (geometry),Polygon,0,0.0,0.0
899,899,Similarity (geometry),Angle,0,0.10313802505595428,0.10313802505595428
900,900,Edge (geometry),Angle bisector theorem,0,0.0,0.0
901,901,Polyhedron,Tessellation,0,0.0630804547680908,0.0630804547680908
902,902,Pyramid (geometry),Cone,0,0.024820676356017583,0.024820676356017583
903,903,Point (geometry),Space (mathematics),0,0.07582090193935527,0.0
904,904,Pythagorean theorem,Sphere,0,0.024820676356017583,0.024820676356017583
905,905,Rotational symmetry,Midpoint,0,0.06332053312320332,0.06332053312320332
906,906,Circle,Cartesian coordinate system,0,0.007510980873571092,0.007510980873571092
907,907,Pythagorean triple,Line segment,1,0.0773338303272873,0.0
908,908,Sine,Geometry,1,1.0,1.0
909,909,Tangent,Angle,1,0.0976226569285448,0.0976226569285448
910,910,Square,Hexagon,0,0.0,0.0
911,911,Line (geometry),Inverse trigonometric functions,0,0.0,0.0
912,912,Point (geometry),Square,0,0.0,0.0
913,913,Angle,Triangle inequality,0,0.0,0.0
914,914,Line segment,Translation (geometry),0,0.0,0.0
915,915,Vertex (geometry),Right triangle,0,0.04932210773645017,0.0
916,916,Geometry,Trigonometric functions,0,0.0,0.0
917,917,Reflection (mathematics),Rigid transformation,0,0.18575473918051869,0.0
918,918,Rectangle,Right angle,1,0.0,0.0
919,919,Triangle inequality,Internal and external angle,0,0.0,0.0
920,920,Angle,Cone,0,0.024820676356017583,0.0
921,921,Chord (geometry),Point (geometry),1,0.04307203452390443,0.0
922,922,Reflection (mathematics),Cartesian coordinate system,0,0.16404685294689206,0.0
923,923,Point (geometry),Line segment,0,0.05463203833867837,0.05463203833867837
924,924,Line segment,Trigonometric functions,0,0.0,0.0
925,925,Triangle,Isosceles triangle,0,0.10259664065443218,0.10259664065443218
926,926,Pythagorean theorem,Edge (geometry),1,0.07938966656197792,0.0
927,927,Self-similarity,Symmetry,1,0.03974638684978353,0.0
928,928,Altitude (triangle),Triangle,1,0.21332304188405168,0.21332304188405168
929,929,Tangent,Cross section (geometry),0,0.0,0.0
930,930,Sine,Point (geometry),1,0.003106942505520821,0.0
931,931,Geometry,Hexagon,0,0.0,0.0
932,932,Square,Circumference,0,0.0,0.0
933,933,Convex polygon,Edge (geometry),1,0.04932210773645017,0.0
934,934,Kite (geometry),Point (geometry),1,0.07538225961581431,0.0
935,935,Face (geometry),Polygon,0,0.0,0.0
936,936,Polygon,Symmetry,0,0.0,0.0
937,937,Rhombus,Internal and external angle,0,0.0,0.0
938,938,Right angle,Pythagorean triple,0,0.0,0.0
939,939,Collinearity,Plane (geometry),0,0.0,0.0
940,940,Point (geometry),Exterior angle theorem,0,0.0,0.0
941,941,Perpendicular,Skew lines,0,0.0,0.0
942,942,Reflection (mathematics),Line (geometry),1,0.10476580969648792,0.0
943,943,Rectangle,Trapezoid,0,0.09988129445189986,0.09988129445189986
944,944,Square,Kite (geometry),0,0.0,0.0
945,945,Polygon,Altitude (triangle),0,0.04932210773645017,0.0
946,946,Internal and external angle,Vertex (geometry),1,0.04932210773645017,0.0
947,947,Diameter,Arc length,0,0.0,0.0
948,948,Rotational symmetry,Point (geometry),1,0.034973019485221545,0.0
949,949,Angle,Congruence (geometry),0,0.011620109220162341,0.0
950,950,Circle,Coordinate system,0,0.007838565434343652,0.007838565434343652
951,951,Translation (geometry),Scaling (geometry),0,0.04932210773645017,0.04932210773645017
952,952,Vertex (geometry),Quadrilateral,0,0.014793514202520331,0.0
953,953,Angle,Angle bisector theorem,0,0.0,0.0
954,954,Line (geometry),Cartesian coordinate system,0,0.0,0.0
955,955,Vertex (geometry),Hendecagon,0,0.09008904028661244,0.0
956,956,Reflection (mathematics),Geometry,1,1.0,1.0
957,957,Right angle,Cartesian coordinate system,0,0.0,0.0
958,958,Cartesian coordinate system,Geometry,1,1.0,1.0
959,959,Line segment,Cone,0,0.0,0.0
960,960,Quadrilateral,Distance,0,0.009670405794701228,0.009670405794701228
961,961,Parallelogram,Right triangle,0,0.04932210773645017,0.04932210773645017
962,962,Rhombus,Convex polygon,0,0.0,0.0
963,963,Angle bisector theorem,Polygon,1,0.0,0.0
964,964,Isosceles triangle,Acute and obtuse triangles,0,0.06780603255138205,0.0
965,965,Polygon,Star polygon,0,0.05170570014353749,0.05170570014353749
966,966,Rigid transformation,Reflection (mathematics),1,0.4926149169180429,0.0
967,967,Polyhedron,Pyramid (geometry),0,0.17536042901219492,0.17536042901219492
968,968,Bisection,Angle bisector theorem,0,0.0,0.0
969,969,Cylinder (geometry),Circle,1,0.14535397294938202,0.14535397294938202
970,970,Transversal (geometry),Perpendicular,0,0.02870969415727209,0.02870969415727209
971,971,Polyhedron,Line segment,1,0.020565508684962253,0.020565508684962253
972,972,Symmetry,Star polygon,0,0.005358103641817357,0.0
973,973,Arc length,Arc (geometry),1,1.0486957845786635,1.0486957845786635
974,974,Trigonometric functions,Point (geometry),1,0.020983811691132927,0.0
975,975,Star polygon,Edge (geometry),1,0.0,0.0
976,976,Line segment,Skew lines,0,0.0,0.0
977,977,Diagonal,Isosceles triangle,0,0.0,0.0
978,978,Congruence (geometry),Space (mathematics),0,0.07582090193935527,0.0
979,979,Line segment,Point (geometry),1,0.1926185767831095,0.0
980,980,Perpendicular,Line segment,0,0.0735462027409806,0.0735462027409806
981,981,Line (geometry),Triangle inequality,0,0.0,0.0
982,982,Chord (geometry),Line (geometry),1,0.03681648697026377,0.0
983,983,Kite (geometry),Edge (geometry),1,0.08949380594259329,0.0
984,984,Parallelogram,Tangent,0,0.06332053312320332,0.06332053312320332
985,985,Polygon,Cross section (geometry),0,0.0,0.0
986,986,Altitude (triangle),Polygon,1,0.07031656181203758,0.0
987,987,Line (geometry),Rotational symmetry,0,0.0,0.0
988,988,Similarity (geometry),Rhombus,0,0.03923960217093868,0.0
989,989,Polygon,Pythagorean triple,0,0.0,0.0
990,990,Edge (geometry),Polygon,0,0.09008904028661244,0.09008904028661244
991,991,Diagonal,Square,0,0.0,0.0
992,992,Face (geometry),Tessellation,0,0.0,0.0
993,993,Triangle inequality,Triangle,1,0.5133085695334995,0.5133085695334995
994,994,Quadrilateral,Vertex (geometry),1,0.021973925566261744,0.0
995,995,Prism (geometry),Square,0,0.17278536344172704,0.17278536344172704
996,996,Midpoint,Line (geometry),1,0.07457497360714409,0.0
997,997,Geometry,Plane (geometry),0,0.0,0.0
998,998,Rectangle,Perpendicular,0,0.06332053312320332,0.06332053312320332
999,999,Slope,Tangent,0,0.0,0.0
1000,1000,Congruence (geometry),Rhombus,0,0.04932210773645017,0.0
1001,1001,Hendecagon,Geometry,1,1.0,1.0
1002,1002,Pentagon,Prism (geometry),0,0.0,0.0
1003,1003,Edge (geometry),Congruence (geometry),0,0.048057451703385684,0.0
1004,1004,Tangent,Hexagon,0,0.06332053312320332,0.0
1005,1005,Circle,Tangent,0,0.18844569960346028,0.18844569960346028
1006,1006,Triangle,Coordinate system,0,0.0812735468718789,0.0812735468718789
1007,1007,Pythagorean theorem,Congruence (geometry),0,0.033980016355929274,0.0
1008,1008,Point (geometry),Cartesian coordinate system,0,0.0,0.0
1009,1009,Self-similarity,Geometry,1,1.0,1.0
1010,1010,Right triangle,Right angle,1,0.0,0.0
1011,1011,Circle,Cylinder (geometry),0,0.02324893879744901,0.0
1012,1012,Octagon,Angle,1,0.0,0.0
1013,1013,Arc (geometry),Geometry,1,1.0,1.0
1014,1014,Polyhedron,Symmetry,0,0.03974638684978353,0.03974638684978353
1015,1015,Point (geometry),Rotation (mathematics),0,0.0,0.0
1016,1016,Point (geometry),Trapezoid,0,0.0,0.0
1017,1017,Geometry,Angle,0,0.0,0.0
1018,1018,Diameter,Parallelogram,0,0.0,0.0
1019,1019,Line segment,Geometry,1,1.0,1.0
1020,1020,Tangent,Line (geometry),1,0.08777675947543583,0.0
1021,1021,Pythagorean theorem,Distance,0,0.10940257060672096,0.10940257060672096
1022,1022,Parallelogram,Internal and external angle,0,0.0,0.0
1023,1023,Internal and external angle,Exterior angle theorem,0,0.0,0.0
1024,1024,Slope,Secant line,0,0.0,0.0
1025,1025,Internal and external angle,Line (geometry),1,0.1577849441582733,0.0
1026,1026,Circle,Angle bisector theorem,0,0.0,0.0
1027,1027,Angle,Bisection,0,0.01932271551442457,0.01932271551442457
1028,1028,Vertex (geometry),Face (geometry),0,0.3950709986889519,0.0
1029,1029,Slope,Geometry,1,1.0,1.0
1030,1030,Angle,Cartesian coordinate system,0,0.0,0.0
1031,1031,Midpoint,Chord (geometry),0,0.07683795436532947,0.0
1032,1032,Polygon,Prism (geometry),0,0.04932210773645017,0.0
1033,1033,Prism (geometry),Geometry,1,1.0,1.0
1034,1034,Radius,Angle,0,0.0,0.0
1035,1035,Triangle inequality,Vertex (geometry),1,0.04932210773645017,0.0
1036,1036,Right triangle,Arc length,0,0.0,0.0
1037,1037,Pentagon,Line (geometry),1,0.0,0.0
1038,1038,Exterior angle theorem,Internal and external angle,1,0.0,0.0
1039,1039,Acute and obtuse triangles,Hexagon,0,0.0,0.0
1040,1040,Triangle,Right triangle,0,0.04932210773645017,0.04932210773645017
1041,1041,Hexagon,Line segment,1,0.0,0.0
1042,1042,Congruence (geometry),Point (geometry),1,0.1577849441582733,0.0
1043,1043,Trigonometric functions,Cartesian coordinate system,0,0.1541046194349592,0.0
1044,1044,Right angle,Square,0,0.0,0.0
1045,1045,Altitude (triangle),Vertex (geometry),1,0.07031656181203758,0.0
1046,1046,Similarity (geometry),Altitude (triangle),0,0.016486908968795646,0.0
1047,1047,Translation (geometry),Cartesian coordinate system,0,0.16404685294689206,0.0
1048,1048,Right triangle,Acute and obtuse triangles,0,0.06780603255138205,0.06780603255138205
1049,1049,Line (geometry),Congruence (geometry),0,0.0,0.0
1050,1050,Geometry,Cone,0,0.0,0.0
1051,1051,Altitude (triangle),Isosceles triangle,0,0.10259664065443218,0.10259664065443218
1052,1052,Triangle,Inverse trigonometric functions,0,0.0,0.0
1053,1053,Rotation (mathematics),Sphere,0,0.024820676356017583,0.024820676356017583
1054,1054,Nonagon,Line (geometry),1,0.0,0.0
1055,1055,Quadrilateral,Polygon,1,0.10996838208455116,0.10996838208455116
1056,1056,Pythagorean theorem,Sine,0,0.0,0.0
1057,1057,Edge (geometry),Triangle inequality,0,0.0,0.0
1058,1058,Equilateral triangle,Line segment,1,0.09542396029822486,0.09542396029822486
1059,1059,Pythagorean theorem,Line (geometry),1,0.13148745346522775,0.0
1060,1060,Point (geometry),Reflection (mathematics),0,0.0,0.0
1061,1061,Circumference,Radius,0,0.12523310749650873,0.12523310749650873
1062,1062,Rotational symmetry,Tessellation,0,0.06332053312320332,0.0
1063,1063,Hendecagon,Edge (geometry),1,0.0,0.0
1064,1064,Perpendicular,Distance,0,0.06332053312320332,0.06332053312320332
1065,1065,Rectangle,Rotational symmetry,0,0.03974638684978353,0.03974638684978353
1066,1066,Polyhedron,Cartesian coordinate system,0,0.014793514202520331,0.014793514202520331
1067,1067,Point (geometry),Dodecagon,0,0.0,0.0
1068,1068,Line (geometry),Isosceles triangle,0,0.0,0.0
1069,1069,Triangle,Polygon,1,0.059303616946627676,0.059303616946627676
1070,1070,Triangle inequality,Sphere,0,0.024820676356017583,0.024820676356017583
1071,1071,Diagonal,Convex polygon,0,0.0,0.0
1072,1072,Space (mathematics),Cartesian coordinate system,0,0.0,0.0
1073,1073,Line (geometry),Rigid transformation,0,0.0,0.0
1074,1074,Geometry,Sphere,0,0.0,0.0
1075,1075,Reflection (mathematics),Angle,1,0.010999578709061614,0.010999578709061614
1076,1076,Point (geometry),Pentagon,0,0.0,0.0
1077,1077,Point (geometry),Collinearity,0,0.05517240064241917,0.0
1078,1078,Line (geometry),Chord (geometry),0,0.0,0.0
1079,1079,Isosceles triangle,Angle,1,0.18185970132315205,0.18185970132315205
1080,1080,Diameter,Tangent,0,0.0,0.0
1081,1081,Equilateral triangle,Bisection,0,0.06332053312320332,0.0
1082,1082,Edge (geometry),Triangle,0,0.056319122049130026,0.056319122049130026
1083,1083,Right triangle,Line (geometry),1,0.13148745346522775,0.0
1084,1084,Parallel (geometry),Transversal (geometry),0,0.0,0.0
1085,1085,Triangle inequality,Circle,0,0.08580238237461793,0.08580238237461793
1086,1086,Rotational symmetry,Geometry,1,1.0,0.0
1087,1087,Vertex (geometry),Congruence (geometry),0,0.048057451703385684,0.0
1088,1088,Angle,Decagon,0,0.005358103641817357,0.0
1089,1089,Circumference,Arc length,0,0.0,0.0
1090,1090,Prism (geometry),Edge (geometry),1,0.12315781840777995,0.0
1091,1091,Square,Parallelogram,1,0.0,0.0
1092,1092,Internal and external angle,Point (geometry),1,0.1577849441582733,0.0
1093,1093,Line (geometry),Heptagon,0,0.0,0.0
1094,1094,Vertex (geometry),Skew lines,0,0.0,0.0
1095,1095,Two-dimensional space,Octagon,0,0.0,0.0
1096,1096,Reflection symmetry,Angle,1,0.010999578709061614,0.010999578709061614
1097,1097,Plane (geometry),Transversal (geometry),0,0.0,0.0
1098,1098,Right angle,Special right triangles,0,0.0,0.0
1099,1099,Geometry,Diagonal,0,0.0,0.0
1100,1100,Rhombus,Circumference,0,0.0,0.0
1101,1101,Parallelogram,Slope,0,0.20341549605185136,0.20341549605185136
1102,1102,Symmetry,Similarity (geometry),0,0.036172275475666635,0.0
1103,1103,Angle,Triangle,0,0.05319259787911911,0.05319259787911911
1104,1104,Angle,Trapezoid,0,0.0,0.0
1105,1105,Equilateral triangle,Altitude (triangle),0,0.04932210773645017,0.0
1106,1106,Pythagorean theorem,Polygon,1,0.07031656181203758,0.07031656181203758
1107,1107,Parallelogram,Kite (geometry),0,0.0,0.0
1108,1108,Geometry,Pythagorean triple,0,0.0,0.0
1109,1109,Trigonometric functions,Vertex (geometry),1,0.07938966656197792,0.0
1110,1110,Midpoint,Diagonal,0,0.032627630996090964,0.032627630996090964
1111,1111,Line segment,Edge (geometry),0,0.0,0.0
1112,1112,Rectangle,Two-dimensional space,0,0.0,0.0
1113,1113,Parallel (geometry),Parallelogram,0,0.0,0.0
1114,1114,Angle,Geometry,1,1.0,1.0
1115,1115,Vertex (geometry),Triangle,0,0.056319122049130026,0.0
1116,1116,Arc (geometry),Tangent,0,0.18844569960346028,0.18844569960346028
1117,1117,Slope,Distance,0,0.0,0.0
1118,1118,Geometry,Polygon,0,0.0,0.0
1119,1119,Point (geometry),Parallel (geometry),0,0.0,0.0
1120,1120,Distance,Altitude (triangle),0,0.04390894400523967,0.0
1121,1121,Polyhedron,Trapezoid,0,0.014793514202520331,0.0
1122,1122,Quadrilateral,Angle,1,0.13243689186758562,0.13243689186758562
1123,1123,Hexagon,Edge (geometry),1,0.0,0.0
1124,1124,Rectangle,Line segment,1,0.0865243163325873,0.0
1125,1125,Circumference,Sphere,0,0.024820676356017583,0.024820676356017583
1126,1126,Similarity (geometry),Sine,0,0.0,0.0
1127,1127,Circumference,Rhombus,0,0.04932210773645017,0.04932210773645017
1128,1128,Geometry,Secant line,0,0.0,0.0
1129,1129,Angle,Rectangle,0,0.014793514202520331,0.0
1130,1130,Arc length,Geometry,1,1.0,1.0
1131,1131,Line segment,Angle bisector theorem,0,0.0,0.0
1132,1132,Angle,Skew lines,0,0.0,0.0
1133,1133,Bisection,Acute and obtuse triangles,0,0.06780603255138205,0.0
1134,1134,Prism (geometry),Perpendicular,0,0.0630804547680908,0.0630804547680908
1135,1135,Congruence (geometry),Similarity (geometry),0,0.04932210773645017,0.0
1136,1136,Line (geometry),Pentagon,0,0.0,0.0
1137,1137,Right triangle,Vertex (geometry),1,0.07938966656197792,0.0
1138,1138,Exterior angle theorem,Vertex (geometry),1,0.04932210773645017,0.0
1139,1139,Congruence (geometry),Translation (geometry),0,0.0,0.0
1140,1140,Star polygon,Geometry,1,1.0,1.0
1141,1141,Perpendicular,Altitude (triangle),0,0.04932210773645017,0.0
1142,1142,Angle,Tessellation,0,0.008783164838261923,0.0
1143,1143,Vertex (geometry),Pentagon,0,0.037690539254105065,0.0
1144,1144,Triangle,Angle,1,0.18185970132315205,0.18185970132315205
1145,1145,Circle,Circumference,0,0.0,0.0
1146,1146,Parallel (geometry),Plane (geometry),0,0.13192241644066655,0.0
1147,1147,Bisection,Rhombus,0,0.04932210773645017,0.04932210773645017
1148,1148,Convex polygon,Rhombus,0,0.04932210773645017,0.04932210773645017
1149,1149,Angle,Heptagon,0,0.005358103641817357,0.0
1150,1150,Line (geometry),Exterior angle theorem,0,0.0,0.0
1151,1151,Tangent,Cone,0,0.024820676356017583,0.024820676356017583
1152,1152,Radius,Point (geometry),1,0.0,0.0
1153,1153,Square,Point (geometry),1,0.0,0.0
1154,1154,Diagonal,Geometry,1,1.0,1.0
1155,1155,Rotation (mathematics),Reflection symmetry,0,0.0,0.0
1156,1156,Pentagon,Circle,0,0.0,0.0
1157,1157,Rotation (mathematics),Line (geometry),1,0.030281958979870637,0.0
1158,1158,Isosceles triangle,Polygon,1,0.059303616946627676,0.059303616946627676
1159,1159,Tangent,Acute and obtuse triangles,0,0.06332053312320332,0.0
1160,1160,Line (geometry),Reflection (mathematics),0,0.0,0.0
1161,1161,Collinearity,Geometry,1,1.0,1.0
1162,1162,Geometry,Cartesian coordinate system,0,0.0,0.0
1163,1163,Similarity (geometry),Equilateral triangle,0,0.06780603255138205,0.06780603255138205
1164,1164,Triangle,Distance,0,0.06332053312320332,0.06332053312320332
1165,1165,Star polygon,Octagon,0,0.0,0.0
1166,1166,Polygon,Dodecagon,0,0.047986640954967325,0.047986640954967325
1167,1167,Concentric,Circle,0,0.0,0.0
1168,1168,Equilateral triangle,Triangle,1,0.3218235545664573,0.3218235545664573
1169,1169,Polygon,Vertex (geometry),1,0.04932210773645017,0.0
1170,1170,Rhombus,Midpoint,0,0.06030031032620841,0.06030031032620841
1171,1171,Polygon,Internal and external angle,0,0.0,0.0
1172,1172,Sine,Polygon,1,0.010202078106001015,0.0
1173,1173,Triangle,Sine,0,0.0,0.0
1174,1174,Angle,Exterior angle theorem,0,0.0,0.0
1175,1175,Nonagon,Geometry,1,1.0,1.0
1176,1176,Cylinder (geometry),Diameter,0,0.06978919164657628,0.06978919164657628
1177,1177,Internal and external angle,Star polygon,0,0.005358103641817357,0.005358103641817357
1178,1178,Dodecagon,Vertex (geometry),1,0.0,0.0
1179,1179,Perpendicular,Cross section (geometry),0,0.0,0.0
1180,1180,Pentagon,Internal and external angle,0,0.0,0.0
1181,1181,Skew lines,Point (geometry),1,0.02435620999863643,0.0
1182,1182,Pythagorean theorem,Acute and obtuse triangles,0,0.0385261548587398,0.0
1183,1183,Altitude (triangle),Circle,0,0.10663600686986777,0.10663600686986777
1184,1184,Symmetry,Scaling (geometry),0,0.036172275475666635,0.0
1185,1185,Slope,Point (geometry),1,0.10768008630976107,0.0
1186,1186,Plane (geometry),Sphere,0,0.0,0.0
1187,1187,Inverse trigonometric functions,Edge (geometry),1,0.08807519238651815,0.0
1188,1188,Rotation (mathematics),Plane (geometry),0,0.06332053312320332,0.0
1189,1189,Right triangle,Line segment,1,0.09542396029822486,0.09542396029822486
1190,1190,Polyhedron,Face (geometry),1,0.3950709986889519,0.0
1191,1191,Line segment,Isosceles triangle,0,0.0,0.0
1192,1192,Geometry,Line segment,0,0.0,0.0
1193,1193,Parallelogram,Line (geometry),1,0.05450752616376714,0.0
1194,1194,Radius,Cone,0,0.0,0.0
1195,1195,Star polygon,Decagon,0,0.0,0.0
1196,1196,Arc length,Radius,0,0.11131831777467442,0.11131831777467442
1197,1197,Pentagon,Geometry,1,1.0,1.0
1198,1198,Exterior angle theorem,Circle,0,0.06332053312320332,0.06332053312320332
1199,1199,Point (geometry),Rhombus,0,0.0,0.0
1200,1200,Circumference,Geometry,1,1.0,1.0
1201,1201,Angle,Altitude (triangle),0,0.012482874756747687,0.0
1202,1202,Rigid transformation,Translation (geometry),1,0.1637081824587144,0.0
1203,1203,Point (geometry),Altitude (triangle),0,0.0,0.0
1204,1204,Point (geometry),Plane (geometry),0,0.17975688041724416,0.0
1205,1205,Star polygon,Tessellation,0,0.0,0.0
1206,1206,Angle,Hexagon,0,0.003610951808175768,0.0
1207,1207,Geometry,Parallel (geometry),0,0.0,0.0
1208,1208,Tessellation,Sphere,0,0.024820676356017583,0.024820676356017583
1209,1209,Edge (geometry),Tessellation,0,0.0630804547680908,0.0
1210,1210,Isosceles triangle,Rhombus,0,0.04932210773645017,0.04932210773645017
1211,1211,Perpendicular,Kite (geometry),0,0.0,0.0
1212,1212,Trigonometric functions,Geometry,1,1.0,1.0
1213,1213,Symmetry,Reflection symmetry,0,0.0,0.0
1214,1214,Similarity (geometry),Distance,0,0.06332053312320332,0.06332053312320332
1215,1215,Pythagorean theorem,Angle,1,0.07233056302625365,0.07233056302625365
1216,1216,Line (geometry),Triangle,0,0.0,0.0
1217,1217,Reflection symmetry,Distance,0,0.036172275475666635,0.036172275475666635
1218,1218,Diagonal,Polygon,1,0.0,0.0
1219,1219,Rectangle,Similarity (geometry),0,0.04932210773645017,0.0
1220,1220,Line segment,Special right triangles,0,0.0,0.0
1221,1221,Geometry,Translation (geometry),0,0.0,0.0
1222,1222,Angle,Octagon,0,0.0043915824191309615,0.0
1223,1223,Square,Two-dimensional space,0,0.0,0.0
1224,1224,Circle,Perpendicular,0,0.006062554705291975,0.006062554705291975
1225,1225,Triangle,Diameter,0,0.06332053312320332,0.06332053312320332
1226,1226,Symmetry,Self-similarity,0,0.036172275475666635,0.036172275475666635
1227,1227,Quadrilateral,Line segment,1,0.005324997784499155,0.005324997784499155
1228,1228,Line (geometry),Rotation (mathematics),0,0.0,0.0
1229,1229,Triangle,Congruence (geometry),0,0.048057451703385684,0.048057451703385684
1230,1230,Equilateral triangle,Pythagorean theorem,0,0.04932210773645017,0.04932210773645017
1231,1231,Midpoint,Bisection,0,0.14312817419426646,0.14312817419426646
1232,1232,Triangle,Angle bisector theorem,0,0.0,0.0
1233,1233,Point (geometry),Skew lines,0,0.0,0.0
1234,1234,Prism (geometry),Rectangle,0,0.19335748140758968,0.19335748140758968
1235,1235,Translation (geometry),Symmetry,1,0.17477562520339535,0.17477562520339535
1236,1236,Polygon,Line (geometry),1,0.04163769359732212,0.0
1237,1237,Line (geometry),Parallel (geometry),0,0.0,0.0
1238,1238,Internal and external angle,Angle,1,0.3589336210325369,0.3589336210325369
1239,1239,Special right triangles,Point (geometry),1,0.07538225961581431,0.0
1240,1240,Dodecagon,Two-dimensional space,0,0.0,0.0
1241,1241,Pyramid (geometry),Isosceles triangle,0,0.10259664065443218,0.10259664065443218
1242,1242,Pentagon,Line segment,1,0.0,0.0
1243,1243,Altitude (triangle),Acute and obtuse triangles,0,0.06780603255138205,0.0
1244,1244,Parallelogram,Polygon,1,0.059303616946627676,0.059303616946627676
1245,1245,Pentagon,Quadrilateral,0,0.0,0.0
1246,1246,Congruence (geometry),Face (geometry),0,0.03281439551228421,0.0
1247,1247,Kite (geometry),Polygon,1,0.08949380594259329,0.08949380594259329
1248,1248,Triangle,Tangent,0,0.06332053312320332,0.06332053312320332
1249,1249,Line segment,Decagon,0,0.0,0.0
1250,1250,Coordinate system,Sine,0,0.0,0.0
1251,1251,Angle,Prism (geometry),0,0.027628700884695254,0.0
1252,1252,Reflection symmetry,Circle,0,0.036172275475666635,0.036172275475666635
1253,1253,Arc (geometry),Arc length,0,0.0,0.0
1254,1254,Perpendicular,Pyramid (geometry),0,0.04932210773645017,0.0
1255,1255,Tangent,Line segment,1,0.06447564885015193,0.0
1256,1256,Arc (geometry),Circle,1,0.2798063979275604,0.2798063979275604
1257,1257,Right triangle,Angle,1,0.1319949445087394,0.1319949445087394
1258,1258,Transversal (geometry),Point (geometry),1,0.05245952922783232,0.0
1259,1259,Line segment,Tangent,0,0.0,0.0
1260,1260,Pyramid (geometry),Rhombus,0,0.12713631103384135,0.0
1261,1261,Prism (geometry),Angle,1,0.1290220853981822,0.1290220853981822
1262,1262,Rectangle,Parallel (geometry),1,0.06479451129064764,0.0
1263,1263,Line (geometry),Polygon,0,0.0,0.0
1264,1264,Quadrilateral,Geometry,1,1.0,1.0
1265,1265,Quadrilateral,Point (geometry),1,0.006089052499659108,0.0
1266,1266,Line (geometry),Pythagorean theorem,0,0.0,0.0
1267,1267,Plane (geometry),Line (geometry),0,0.13148745346522775,0.0
1268,1268,Grade (slope),Line (geometry),1,0.13148745346522775,0.0
1269,1269,Rotational symmetry,Symmetry,1,0.2214768044075416,0.2214768044075416
1270,1270,Edge (geometry),Exterior angle theorem,0,0.0,0.0
1271,1271,Line (geometry),Dodecagon,0,0.0,0.0
1272,1272,Point (geometry),Edge (geometry),0,0.0,0.0
1273,1273,Pythagorean theorem,Right angle,1,0.0,0.0
1274,1274,Octagon,Geometry,1,1.0,1.0
1275,1275,Equilateral triangle,Tessellation,0,0.2139546212836034,0.0
1276,1276,Square,Bisection,0,0.0,0.0
1277,1277,Coordinate system,Two-dimensional space,1,0.0,0.0
1278,1278,Equilateral triangle,Pyramid (geometry),0,0.04932210773645017,0.0
1279,1279,Rectangle,Circle,0,0.06332053312320332,0.06332053312320332
1280,1280,Plane (geometry),Cross section (geometry),0,0.0,0.0
1281,1281,Square,Vertex (geometry),1,0.0,0.0
1282,1282,Triangle,Bisection,0,0.06332053312320332,0.06332053312320332
1283,1283,Triangle,Cartesian coordinate system,0,0.0,0.0
1284,1284,Line (geometry),Altitude (triangle),0,0.0,0.0
1285,1285,Polygon,Pythagorean theorem,0,0.04932210773645017,0.0
1286,1286,Line segment,Diameter,0,0.0,0.0
1287,1287,Altitude (triangle),Trigonometric functions,0,0.0,0.0
1288,1288,Parallelogram,Diagonal,0,0.2708874042015148,0.2708874042015148
1289,1289,Point (geometry),Right triangle,0,0.0,0.0
1290,1290,Dodecagon,Edge (geometry),1,0.0,0.0
1291,1291,Angle,Right triangle,0,0.006388874059125669,0.006388874059125669
1292,1292,Pentagon,Hexagon,0,0.0,0.0
1293,1293,Face (geometry),Line segment,0,0.0,0.0
1294,1294,Parallel (geometry),Congruence (geometry),0,0.0,0.0
1295,1295,Polygon,Diagonal,0,0.13795191880632696,0.13795191880632696
1296,1296,Inverse trigonometric functions,Right triangle,0,0.29070832293408844,0.29070832293408844
1297,1297,Midpoint,Triangle,0,0.14049501414406632,0.14049501414406632
1298,1298,Sine,Angle,1,0.15534712527604105,0.15534712527604105
1299,1299,Tangent,Geometry,1,1.0,1.0
1300,1300,Geometry,Pyramid (geometry),0,0.0,0.0
1301,1301,Cartesian coordinate system,Coordinate system,1,0.0812735468718789,0.0812735468718789
1302,1302,Geometry,Rotation (mathematics),0,0.0,0.0
1303,1303,Face (geometry),Prism (geometry),0,0.0,0.0
1304,1304,Geometry,Face (geometry),0,0.0,0.0
1305,1305,Prism (geometry),Vertex (geometry),1,0.08949380594259329,0.0
1306,1306,Congruence (geometry),Angle,1,0.3589336210325369,0.3589336210325369
1307,1307,Parallelogram,Edge (geometry),1,0.04932210773645017,0.0
1308,1308,Line (geometry),Nonagon,0,0.0,0.0
1309,1309,Polygon,Triangle,0,0.05683115666348501,0.05683115666348501
1310,1310,Convex polygon,Diameter,0,0.06332053312320332,0.06332053312320332
1311,1311,Trigonometric functions,Polygon,1,0.07938966656197792,0.0
1312,1312,Square,Tessellation,0,0.0,0.0
1313,1313,Pentagon,Special right triangles,0,0.0,0.0
1314,1314,Pentagon,Two-dimensional space,0,0.0,0.0
1315,1315,Heptagon,Vertex (geometry),1,0.0,0.0
1316,1316,Rotational symmetry,Angle,1,0.1224055681982754,0.1224055681982754
1317,1317,Pyramid (geometry),Line segment,1,0.0865243163325873,0.0865243163325873
1318,1318,Similarity (geometry),Trapezoid,0,0.03923960217093868,0.0
1319,1319,Reflection (mathematics),Two-dimensional space,0,0.0,0.0
1320,1320,Right angle,Pythagorean theorem,0,0.0,0.0
1321,1321,Line (geometry),Edge (geometry),0,0.0,0.0
1322,1322,Circle,Rotational symmetry,0,0.03974638684978353,0.03974638684978353
1323,1323,Quadrilateral,Circle,0,0.06332053312320332,0.06332053312320332
1324,1324,Cylinder (geometry),Distance,0,0.06332053312320332,0.06332053312320332
1325,1325,Line segment,Nonagon,0,0.0,0.0
1326,1326,Line (geometry),Sine,0,0.0,0.0
1327,1327,Geometry,Grade (slope),0,0.0,0.0
1328,1328,Congruence (geometry),Circle,0,0.06332053312320332,0.06332053312320332
1329,1329,Inverse trigonometric functions,Trigonometric functions,1,0.14773057183867852,0.14773057183867852
1330,1330,Trigonometric functions,Edge (geometry),1,0.07938966656197792,0.0
1331,1331,Point (geometry),Slope,0,0.17975688041724416,0.0
1332,1332,Circle,Arc (geometry),0,0.12543698540045667,0.0
1333,1333,Internal and external angle,Transversal (geometry),0,0.0,0.0
1334,1334,Chord (geometry),Geometry,1,1.0,1.0
1335,1335,Angle bisector theorem,Altitude (triangle),0,0.0,0.0
1336,1336,Vertex (geometry),Kite (geometry),0,0.014793514202520331,0.0
1337,1337,Circle,Pythagorean theorem,0,0.0022193413977036488,0.0022193413977036488
1338,1338,Coordinate system,Point (geometry),1,0.10768008630976107,0.0
1339,1339,Line segment,Hendecagon,0,0.0,0.0
1340,1340,Decagon,Geometry,1,1.0,1.0
1341,1341,Geometry,Diameter,0,0.0,0.0
1342,1342,Polygon,Equilateral triangle,0,0.05683115666348501,0.0
1343,1343,Edge (geometry),Line segment,1,0.020565508684962253,0.020565508684962253
1344,1344,Point (geometry),Triangle inequality,0,0.0,0.0
1345,1345,Rigid transformation,Rotation (mathematics),1,0.4539723098657384,0.0
1346,1346,Square,Quadrilateral,1,0.0,0.0
1347,1347,Triangle inequality,Cone,0,0.024820676356017583,0.024820676356017583
1348,1348,Trapezoid,Angle,1,0.06573242216499471,0.06573242216499471
1349,1349,Geometry,Angle bisector theorem,0,0.0,0.0
1350,1350,Edge (geometry),Polyhedron,0,0.5956962325444219,0.5956962325444219
1351,1351,Heptagon,Angle,1,0.0,0.0
1352,1352,Rectangle,Parallelogram,1,0.3353883252553783,0.3353883252553783
1353,1353,Similarity (geometry),Scale factor,0,0.0,0.0
1354,1354,Radius,Circle,1,0.0,0.0
1355,1355,Rigid transformation,Geometry,1,1.0,0.0
1356,1356,Quadrilateral,Diagonal,0,0.1515007679748055,0.1515007679748055
1357,1357,Slope,Grade (slope),0,0.0,0.0
1358,1358,Cone,Polygon,0,0.07031656181203758,0.07031656181203758
1359,1359,Coordinate system,Sphere,0,0.0,0.0
1360,1360,Rectangle,Angle,1,0.1290220853981822,0.1290220853981822
1361,1361,Pythagorean theorem,Convex polygon,0,0.0,0.0
1362,1362,Pythagorean theorem,Triangle,1,0.19797024720300246,0.19797024720300246
1363,1363,Sphere,Geometry,1,1.0,1.0
1364,1364,Geometry,Vertex (geometry),0,0.0,0.0
1365,1365,Angle,Nonagon,0,0.005358103641817357,0.0
1366,1366,Edge (geometry),Quadrilateral,0,0.014793514202520331,0.0
1367,1367,Angle,Dodecagon,0,0.0049727089072505,0.0
1368,1368,Collinearity,Hexagon,0,0.0,0.0
1369,1369,Geometry,Acute and obtuse triangles,0,0.0,0.0
1370,1370,Rhombus,Parallel (geometry),1,0.09401556540211617,0.0
1371,1371,Geometry,Transversal (geometry),0,0.0,0.0
1372,1372,Pythagorean triple,Triangle,1,0.06436471091329146,0.06436471091329146
1373,1373,Geometry,Arc length,0,0.0,0.0
1374,1374,Polygon,Sphere,0,0.024820676356017583,0.024820676356017583
1375,1375,Hendecagon,Angle,1,0.0,0.0
1376,1376,Equilateral triangle,Right triangle,0,0.04932210773645017,0.04932210773645017
1377,1377,Secant line,Point (geometry),1,0.07178672420650738,0.0
1378,1378,Line segment,Angle,0,0.0,0.0
1379,1379,Prism (geometry),Cross section (geometry),0,0.04055209094785971,0.0
1380,1380,Geometry,Coordinate system,0,0.0,0.0
1381,1381,Polygon,Rotational symmetry,0,0.0,0.0
1382,1382,Triangle,Rectangle,0,0.014793514202520331,0.014793514202520331
1383,1383,Transversal (geometry),Angle,1,0.3016422930600358,0.3016422930600358
1384,1384,Inverse trigonometric functions,Line (geometry),1,0.13148745346522775,0.0
1385,1385,Bisection,Collinearity,0,0.05517240064241917,0.0
1386,1386,Prism (geometry),Point (geometry),1,0.07538225961581431,0.0
1387,1387,Parallelogram,Distance,0,0.06332053312320332,0.06332053312320332
1388,1388,Circumference,Trapezoid,0,0.025359945558445302,0.025359945558445302
1389,1389,Arc (geometry),Angle,0,0.10716732399400032,0.10716732399400032
1390,1390,Symmetry,Altitude (triangle),0,0.036172275475666635,0.0
1391,1391,Line (geometry),Grade (slope),0,0.0,0.0
1392,1392,Right triangle,Distance,0,0.10940257060672096,0.10940257060672096
1393,1393,Altitude (triangle),Right triangle,0,0.026422557715955447,0.026422557715955447
1394,1394,Bisection,Internal and external angle,0,0.0,0.0
1395,1395,Quadrilateral,Tangent,0,0.06332053312320332,0.06332053312320332
1396,1396,Polygon,Geometry,1,1.0,1.0
1397,1397,Circumference,Circle,1,0.8161019939553844,0.8161019939553844
1398,1398,Rectangle,Midpoint,0,0.06332053312320332,0.06332053312320332
1399,1399,Isosceles triangle,Kite (geometry),0,0.0,0.0
1400,1400,Point (geometry),Triangle,0,0.0,0.0
1401,1401,Inverse trigonometric functions,Polygon,1,0.08754684514624947,0.0
1402,1402,Face (geometry),Polyhedron,0,0.0,0.0
1403,1403,Polygon,Heptagon,0,0.05170570014353749,0.05170570014353749
1404,1404,Bisection,Convex polygon,0,0.0,0.0
1405,1405,Star polygon,Hexagon,0,0.0,0.0
1406,1406,Congruence (geometry),Sine,0,0.0,0.0
1407,1407,Geometry,Cross section (geometry),0,0.0,0.0
1408,1408,Right triangle,Kite (geometry),0,0.03923960217093868,0.0
1409,1409,Diagonal,Vertex (geometry),1,0.0,0.0
1410,1410,Geometry,Right triangle,0,0.0,0.0
1411,1411,Midpoint,Polygon,0,0.032627630996090964,0.032627630996090964
1412,1412,Diagonal,Line segment,1,0.0,0.0
1413,1413,Rectangle,Tessellation,0,0.06780603255138205,0.06780603255138205
1414,1414,Trigonometric functions,Triangle,1,0.11486625332218167,0.11486625332218167
1415,1415,Edge (geometry),Dodecagon,0,0.047986640954967325,0.0
1416,1416,Diameter,Midpoint,0,0.0,0.0
1417,1417,Triangle,Line (geometry),1,0.013324061951143079,0.0
1418,1418,Triangle,Exterior angle theorem,0,0.0,0.0
1419,1419,Sine,Triangle,1,0.1254305471214598,0.1254305471214598
1420,1420,Point (geometry),Internal and external angle,0,0.0,0.0
1421,1421,Perpendicular,Bisection,0,0.03133852180070538,0.0
1422,1422,Trigonometric functions,Radius,0,0.18954200053525647,0.18954200053525647
1423,1423,Prism (geometry),Cylinder (geometry),0,0.02324893879744901,0.0
1424,1424,Line (geometry),Point (geometry),1,0.1926185767831095,0.0
1425,1425,Quadrilateral,Trapezoid,0,0.23457755918076995,0.23457755918076995
1426,1426,Rotational symmetry,Rotation (mathematics),1,1.1771045336282044,0.0
1427,1427,Convex polygon,Vertex (geometry),1,0.04922159326842631,0.0
1428,1428,Reflection (mathematics),Perpendicular,0,0.047934266323195016,0.047934266323195016
1429,1429,Point (geometry),Perpendicular,0,0.0,0.0
1430,1430,Vertex (geometry),Acute and obtuse triangles,0,0.05683115666348501,0.0
1431,1431,Cylinder (geometry),Sphere,0,0.024820676356017583,0.024820676356017583
1432,1432,Acute and obtuse triangles,Angle,1,0.0,0.0
1433,1433,Geometry,Altitude (triangle),0,0.0,0.0
1434,1434,Edge (geometry),Geometry,1,1.0,1.0
1435,1435,Point (geometry),Heptagon,0,0.0,0.0
1436,1436,Vertex (geometry),Dodecagon,0,0.047986640954967325,0.0
1437,1437,Line (geometry),Slope,0,0.17975688041724416,0.17975688041724416
1438,1438,Trapezoid,Point (geometry),1,0.16165222220136824,0.0
1439,1439,Pentagon,Star polygon,0,0.0,0.0
1440,1440,Parallelogram,Geometry,1,1.0,1.0
1441,1441,Angle bisector theorem,Angle,1,0.0,0.0
1442,1442,Kite (geometry),Geometry,1,1.0,1.0
1443,1443,Polygon,Decagon,0,0.05170570014353749,0.05170570014353749
1444,1444,Scaling (geometry),Similarity (geometry),0,0.5932612015469242,0.0
1445,1445,Triangle,Midpoint,0,0.06332053312320332,0.06332053312320332
1446,1446,Cartesian coordinate system,Plane (geometry),1,0.059017923144508724,0.0
1447,1447,Quadrilateral,Bisection,0,0.028540439497070982,0.0
1448,1448,Angle,Grade (slope),0,0.0,0.0
1449,1449,Point (geometry),Grade (slope),0,0.0,0.0
1450,1450,Right triangle,Square,0,0.19372904385890607,0.19372904385890607
1451,1451,Circle,Arc length,0,0.0,0.0
1452,1452,Skew lines,Plane (geometry),1,0.1201436292584642,0.0
1453,1453,Triangle inequality,Polygon,1,0.059303616946627676,0.059303616946627676
1454,1454,Hexagon,Polygon,1,0.0,0.0
1455,1455,Prism (geometry),Face (geometry),1,0.3550074607937341,0.0
1456,1456,Line (geometry),Transversal (geometry),0,0.0,0.0
1457,1457,Point (geometry),Pythagorean theorem,0,0.0,0.0
1458,1458,Edge (geometry),Pyramid (geometry),0,0.17536042901219492,0.0
1459,1459,Line segment,Star polygon,0,0.0,0.0
1460,1460,Symmetry,Rotation (mathematics),0,0.18575473918051869,0.0
1461,1461,Angle,Rhombus,0,0.014793514202520331,0.0
1462,1462,Cylinder (geometry),Cone,0,0.024820676356017583,0.024820676356017583
1463,1463,Pythagorean triple,Edge (geometry),1,0.07938966656197792,0.0
1464,1464,Geometry,Internal and external angle,0,0.0,0.0
1465,1465,Midpoint,Geometry,1,1.0,1.0
1466,1466,Convex polygon,Tessellation,0,0.06780603255138205,0.0
1467,1467,Midpoint,Vertex (geometry),0,0.04932210773645017,0.0
1468,1468,Bisection,Circle,0,0.07658435133892172,0.07658435133892172
1469,1469,Geometry,Circumference,0,0.0,0.0
1470,1470,Rectangle,Geometry,1,1.0,1.0
1471,1471,Polygon,Special right triangles,0,0.0,0.0
1472,1472,Two-dimensional space,Hexagon,0,0.0,0.0
1473,1473,Angle,Diameter,0,0.038529567214854336,0.038529567214854336
1474,1474,Geometry,Collinearity,0,0.0,0.0
1475,1475,Diagonal,Line (geometry),1,0.0,0.0
1476,1476,Acute and obtuse triangles,Equilateral triangle,0,0.0,0.0
1477,1477,Midpoint,Distance,0,0.06466181785113657,0.0
1478,1478,Line (geometry),Perpendicular,0,0.0,0.0
1479,1479,Geometry,Reflection symmetry,0,0.0,0.0
1480,1480,Point (geometry),Right angle,0,0.0,0.0
1481,1481,Perpendicular,Diagonal,0,0.059303616946627676,0.059303616946627676
1482,1482,Midpoint,Circle,0,0.07683795436532947,0.07683795436532947
1483,1483,Tessellation,Symmetry,0,0.0,0.0
1484,1484,Tangent,Grade (slope),0,0.0,0.0
1485,1485,Parallelogram,Triangle,0,0.016968878331685932,0.016968878331685932
1486,1486,Line (geometry),Hendecagon,0,0.0,0.0
1487,1487,Face (geometry),Geometry,1,1.0,1.0
1488,1488,Rotation (mathematics),Translation (geometry),0,0.04086177121975886,0.0
1489,1489,Special right triangles,Edge (geometry),1,0.07938966656197792,0.0
1490,1490,Convex polygon,Isosceles triangle,0,0.09332883082427262,0.0
1491,1491,Octagon,Vertex (geometry),1,0.0,0.0
1492,1492,Line segment,Chord (geometry),0,0.0,0.0
1493,1493,Triangle,Vertex (geometry),1,0.03281439551228421,0.0
1494,1494,Equilateral triangle,Reflection symmetry,0,0.0,0.0
1495,1495,Equilateral triangle,Hexagon,0,0.10814178087588462,0.10814178087588462
1496,1496,Geometry,Nonagon,0,0.0,0.0
1497,1497,Special right triangles,Angle,1,0.1319949445087394,0.1319949445087394
1498,1498,Triangle,Quadrilateral,0,0.0,0.0
1499,1499,Parallel (geometry),Sphere,0,0.0,0.0
1500,1500,Polygon,Trigonometric functions,0,0.0,0.0
1501,1501,Line segment,Sine,0,0.0,0.0
1502,1502,Angle,Kite (geometry),0,0.0,0.0
1503,1503,Arc length,Angle,0,0.10716732399400032,0.10716732399400032
1504,1504,Two-dimensional space,Cartesian coordinate system,0,0.0,0.0
1505,1505,Perpendicular,Acute and obtuse triangles,0,0.06332053312320332,0.0
1506,1506,Altitude (triangle),Line segment,1,0.03407998582079458,0.03407998582079458
1507,1507,Rectangle,Convex polygon,0,0.0,0.0
1508,1508,Edge (geometry),Prism (geometry),0,0.15344037538567054,0.0
1509,1509,Equilateral triangle,Edge (geometry),1,0.04932210773645017,0.0
1510,1510,Vertex (geometry),Octagon,0,0.02192005362652436,0.0
1511,1511,Slope,Sine,0,0.0,0.0
1512,1512,Square,Distance,0,0.0,0.0
1513,1513,Distance,Parallel (geometry),0,0.04390894400523967,0.0
1514,1514,Reflection (mathematics),Distance,0,0.047934266323195016,0.047934266323195016
1515,1515,Pythagorean triple,Point (geometry),1,0.0773338303272873,0.0
1516,1516,Polygon,Triangle inequality,0,0.0,0.0
1517,1517,Collinearity,Circle,0,0.0,0.0
1518,1518,Special right triangles,Polygon,1,0.07938966656197792,0.07938966656197792
1519,1519,Rhombus,Point (geometry),1,0.07538225961581431,0.0
1520,1520,Cylinder (geometry),Cross section (geometry),0,0.05875915218975593,0.0
1521,1521,Geometry,Polyhedron,0,0.0,0.0
1522,1522,Hendecagon,Point (geometry),1,0.0,0.0
1523,1523,Nonagon,Edge (geometry),1,0.0,0.0
1524,1524,Convex polygon,Line segment,1,0.15903993383037476,0.15903993383037476
1525,1525,Grade (slope),Slope,1,0.8761163874237858,0.8761163874237858
1526,1526,Rotation (mathematics),Circle,0,0.02697857831257469,0.02697857831257469
1527,1527,Diagonal,Rectangle,0,0.0,0.0
1528,1528,Quadrilateral,Kite (geometry),0,0.1454222816536992,0.0
1529,1529,Altitude (triangle),Perpendicular,1,0.10663600686986777,0.10663600686986777
1530,1530,Circumference,Pythagorean theorem,0,0.04932210773645017,0.04932210773645017
1531,1531,Geometry,Chord (geometry),0,0.0,0.0
1532,1532,Octagon,Rotational symmetry,0,0.0,0.0
1533,1533,Geometry,Convex polygon,0,0.0,0.0
1534,1534,Scale factor,Distance,0,0.06332053312320332,0.06332053312320332
1535,1535,Internal and external angle,Convex polygon,0,0.0,0.0
1536,1536,Chord (geometry),Line segment,1,0.050223136999065714,0.050223136999065714
1537,1537,Altitude (triangle),Angle,1,0.03896993599781829,0.03896993599781829
1538,1538,Chord (geometry),Circle,1,0.3186312091232506,0.3186312091232506
1539,1539,Symmetry,Reflection (mathematics),0,0.2409194828052304,0.0
1540,1540,Skew lines,Geometry,1,1.0,1.0
1541,1541,Diameter,Circle,1,0.0,0.0
1542,1542,Right triangle,Pythagorean theorem,0,0.21155334936175105,0.21155334936175105
1543,1543,Symmetry,Bisection,0,0.036172275475666635,0.0
1544,1544,Tessellation,Geometry,1,1.0,1.0
1545,1545,Line (geometry),Star polygon,0,0.0,0.0
1546,1546,Right triangle,Rectangle,0,0.03923960217093868,0.0
1547,1547,Geometry,Heptagon,0,0.0,0.0
1548,1548,Angle,Pyramid (geometry),0,0.027628700884695254,0.0
1549,1549,Heptagon,Line (geometry),1,0.0,0.0
1550,1550,Midpoint,Acute and obtuse triangles,0,0.06780603255138205,0.0
1551,1551,Arc (geometry),Bisection,0,0.06332053312320332,0.0
1552,1552,Slope,Angle,0,0.0,0.0
1553,1553,Cone,Circle,1,0.19784290762554774,0.19784290762554774
1554,1554,Kite (geometry),Line segment,1,0.0865243163325873,0.0865243163325873
1555,1555,Rectangle,Reflection symmetry,0,0.0,0.0
1556,1556,Angle bisector theorem,Vertex (geometry),1,0.0,0.0
1557,1557,Chord (geometry),Arc length,0,0.0,0.0
1558,1558,Parallel (geometry),Rectangle,0,0.0,0.0
1559,1559,Dodecagon,Star polygon,0,0.0,0.0
1560,1560,Octagon,Polygon,1,0.0,0.0
1561,1561,Perpendicular,Plane (geometry),0,0.17975688041724416,0.0
1562,1562,Special right triangles,Midpoint,0,0.06332053312320332,0.06332053312320332
1563,1563,Midpoint,Convex polygon,0,0.0,0.0
1564,1564,Line segment,Parallelogram,0,0.0,0.0
1565,1565,Polygon,Angle bisector theorem,0,0.0,0.0
1566,1566,Midpoint,Perpendicular,0,0.08026366108484671,0.08026366108484671
1567,1567,Reflection (mathematics),Rotation (mathematics),1,0.035258891560291834,0.0
1568,1568,Isosceles triangle,Point (geometry),1,0.018185970132315203,0.0
1569,1569,Geometry,Exterior angle theorem,0,0.0,0.0
1570,1570,Triangle,Special right triangles,0,0.0,0.0
1571,1571,Exterior angle theorem,Polygon,1,0.2316575321655749,0.0
1572,1572,Bisection,Kite (geometry),0,0.0,0.0
1573,1573,Line (geometry),Acute and obtuse triangles,0,0.0,0.0
1574,1574,Perpendicular,Right triangle,0,0.04932210773645017,0.04932210773645017
1575,1575,Diagonal,Rhombus,0,0.0,0.0
1576,1576,Line segment,Square,0,0.0,0.0
1577,1577,Point (geometry),Prism (geometry),0,0.0,0.0
1578,1578,Pythagorean theorem,Geometry,1,1.0,1.0
1579,1579,Isosceles triangle,Line (geometry),1,0.013324061951143079,0.0
1580,1580,Vertex (geometry),Sphere,0,0.024820676356017583,0.024820676356017583
1581,1581,Parallelogram,Point (geometry),1,0.01239952509021491,0.0
1582,1582,Arc length,Polygon,0,0.059303616946627676,0.059303616946627676
1583,1583,Trapezoid,Triangle,0,0.011244437448707545,0.011244437448707545
1584,1584,Sine,Vertex (geometry),1,0.005606104016905047,0.0
1585,1585,Polygon,Congruence (geometry),0,0.048057451703385684,0.0
1586,1586,Line segment,Diagonal,0,0.0,0.0
1587,1587,Pyramid (geometry),Point (geometry),1,0.07538225961581431,0.0
1588,1588,Edge (geometry),Parallelogram,0,0.014793514202520331,0.0
1589,1589,Angle,Pentagon,0,0.007551127035364745,0.0
1590,1590,Pyramid (geometry),Polygon,1,0.037322602404453724,0.037322602404453724
1591,1591,Midpoint,Symmetry,0,0.0,0.0
1592,1592,Line segment,Acute and obtuse triangles,0,0.0,0.0
1593,1593,Point (geometry),Trigonometric functions,0,0.0,0.0
1594,1594,Perpendicular,Point (geometry),1,0.0735462027409806,0.0
1595,1595,Right triangle,Bisection,0,0.05155692296245081,0.0
1596,1596,Perpendicular,Geometry,1,1.0,1.0
1597,1597,Reflection (mathematics),Reflection symmetry,0,0.0,0.0
1598,1598,Special right triangles,Trigonometric functions,0,0.0,0.0
1599,1599,Radius,Perpendicular,0,0.0,0.0
1600,1600,Rhombus,Polyhedron,0,0.08949380594259329,0.08949380594259329
1601,1601,Angle bisector theorem,Bisection,1,0.0,0.0
1602,1602,Line segment,Triangle inequality,0,0.0,0.0
1603,1603,Polyhedron,Star polygon,0,0.05170570014353749,0.05170570014353749
1604,1604,Parallelogram,Square,0,0.02905935657883591,0.02905935657883591
1605,1605,Altitude (triangle),Edge (geometry),1,0.07031656181203758,0.0
1606,1606,Right triangle,Edge (geometry),1,0.07938966656197792,0.0
1607,1607,Geometry,Distance,0,0.0,0.0
1608,1608,Cylinder (geometry),Geometry,1,1.0,1.0
1609,1609,Line segment,Midpoint,0,0.0,0.0
1610,1610,Acute and obtuse triangles,Line (geometry),1,0.0,0.0
1611,1611,Triangle,Rhombus,0,0.04932210773645017,0.04932210773645017
1612,1612,Line segment,Arc length,0,0.0,0.0
1613,1613,Triangle,Internal and external angle,0,0.0,0.0
1614,1614,Angle bisector theorem,Internal and external angle,0,0.0,0.0
1615,1615,Star polygon,Polygon,1,0.0,0.0
1616,1616,Decagon,Vertex (geometry),1,0.0,0.0
1617,1617,Two-dimensional space,Equilateral triangle,0,0.0,0.0
1618,1618,Internal and external angle,Geometry,1,1.0,1.0
1619,1619,Inverse trigonometric functions,Sine,1,0.7386528591933926,0.7386528591933926
1620,1620,Inverse trigonometric functions,Vertex (geometry),1,0.08807519238651815,0.0
1621,1621,Square,Convex polygon,0,0.0,0.0
1622,1622,Exterior angle theorem,Line (geometry),1,0.008614695227032163,0.0
1623,1623,Right triangle,Special right triangles,0,0.0,0.0
1624,1624,Transversal (geometry),Geometry,1,1.0,1.0
1625,1625,Kite (geometry),Rectangle,0,0.026000721931702404,0.026000721931702404
1626,1626,Trapezoid,Diagonal,0,0.09972427865517612,0.09972427865517612
1627,1627,Equilateral triangle,Point (geometry),1,0.03527451103250793,0.0
1628,1628,Polygon,Tangent,0,0.05683115666348501,0.05683115666348501
1629,1629,Vertex (geometry),Tangent,0,0.10663600686986777,0.0
1630,1630,Triangle,Line segment,1,0.09542396029822486,0.09542396029822486
1631,1631,Parallelogram,Midpoint,0,0.06332053312320332,0.06332053312320332
1632,1632,Symmetry,Circle,0,0.036172275475666635,0.036172275475666635
1633,1633,Coordinate system,Radius,0,0.0,0.0
1634,1634,Vertex (geometry),Rhombus,0,0.04932210773645017,0.0
1635,1635,Translation (geometry),Geometry,1,1.0,1.0
1636,1636,Arc length,Sphere,0,0.024820676356017583,0.0
1637,1637,Convex polygon,Line (geometry),1,0.00999304646335731,0.0
1638,1638,Inverse trigonometric functions,Circle,0,0.14773057183867852,0.14773057183867852
1639,1639,Vertex (geometry),Convex polygon,0,0.0,0.0
1640,1640,Polygon,Sine,0,0.0,0.0
1641,1641,Line segment,Circle,0,0.0,0.0
1642,1642,Geometry,Skew lines,0,0.0,0.0
1643,1643,Hexagon,Line (geometry),1,0.0,0.0
1644,1644,Collinearity,Line (geometry),1,0.0,0.0
1645,1645,Nonagon,Polygon,1,0.0,0.0
1646,1646,Bisection,Geometry,1,1.0,1.0
1647,1647,Polyhedron,Sphere,0,0.024820676356017583,0.024820676356017583
1648,1648,Angle,Parallelogram,0,0.0,0.0
1649,1649,Pyramid (geometry),Vertex (geometry),1,0.030763495792766445,0.0
1650,1650,Triangle inequality,Point (geometry),1,0.07538225961581431,0.0
1651,1651,Rhombus,Angle,1,0.017946681051626844,0.017946681051626844
1652,1652,Hexagon,Point (geometry),1,0.0,0.0
1653,1653,Rotational symmetry,Distance,0,0.06332053312320332,0.06332053312320332
1654,1654,Edge (geometry),Equilateral triangle,0,0.0630804547680908,0.0
1655,1655,Special right triangles,Geometry,1,1.0,1.0
1656,1656,Slope,Trigonometric functions,0,0.0,0.0
1657,1657,Trigonometric functions,Secant line,0,0.09448757386636293,0.0
1658,1658,Vertex (geometry),Polyhedron,0,0.5956962325444219,0.5956962325444219
1659,1659,Altitude (triangle),Distance,1,0.02063019902869596,0.02063019902869596
1660,1660,Geometry,Isosceles triangle,0,0.0,0.0
1661,1661,Square,Rhombus,0,0.0,0.0
1662,1662,Parallelogram,Quadrilateral,1,0.0,0.0
1663,1663,Tangent,Vertex (geometry),1,0.04932210773645017,0.0
1664,1664,Edge (geometry),Pentagon,0,0.037690539254105065,0.0
1665,1665,Triangle,Parallelogram,0,0.0,0.0
1666,1666,Reflection symmetry,Rotation (mathematics),1,0.18575473918051869,0.0
1667,1667,Angle,Rotational symmetry,0,0.0,0.0
1668,1668,Diameter,Circumference,0,0.0,0.0
1669,1669,Angle,Point (geometry),1,0.07538225961581431,0.0
1670,1670,Square,Rotational symmetry,0,0.0,0.0
1671,1671,Sine,Inverse trigonometric functions,0,0.0,0.0
1672,1672,Diameter,Pythagorean theorem,0,0.0,0.0
1673,1673,Line (geometry),Bisection,0,0.0,0.0
1674,1674,Polygon,Acute and obtuse triangles,0,0.05683115666348501,0.0
1675,1675,Parallelogram,Vertex (geometry),1,0.02237345148564833,0.0
1676,1676,Polygon,Edge (geometry),1,0.04932210773645017,0.0
1677,1677,Parallel (geometry),Prism (geometry),0,0.0,0.0
1678,1678,Bisection,Angle,1,0.24199073159935555,0.24199073159935555
1679,1679,Similarity (geometry),Geometry,1,1.0,1.0
1680,1680,Edge (geometry),Nonagon,0,0.05170570014353749,0.0
